-- -----------------------------
-- SentCMS MySQL Data Transfer
--
-- Host     : 127.0.0.1
-- Port     : 3306
-- Database : twothink
--
-- Part : #1
-- Date : 2017-09-07 00:11:06
-- -----------------------------

SET FOREIGN_KEY_CHECKS = 0;


-- -----------------------------
-- Table structure for `twothink_action`
-- -----------------------------
DROP TABLE IF EXISTS `twothink_action`;
CREATE TABLE `twothink_action` (
  `id` int(11) unsigned NOT NULL AUTO_INCREMENT COMMENT '主键',
  `name` char(30) NOT NULL DEFAULT '' COMMENT '行为唯一标识',
  `title` char(80) NOT NULL DEFAULT '' COMMENT '行为说明',
  `remark` char(140) NOT NULL DEFAULT '' COMMENT '行为描述',
  `rule` text COMMENT '行为规则',
  `log` text COMMENT '日志规则',
  `type` tinyint(2) unsigned NOT NULL DEFAULT '1' COMMENT '类型',
  `status` tinyint(2) NOT NULL DEFAULT '0' COMMENT '状态',
  `update_time` int(11) unsigned NOT NULL DEFAULT '0' COMMENT '修改时间',
  PRIMARY KEY (`id`)
) ENGINE=MyISAM AUTO_INCREMENT=12 DEFAULT CHARSET=utf8 ROW_FORMAT=DYNAMIC COMMENT='系统行为表';

-- -----------------------------
-- Records of `twothink_action`
-- -----------------------------
INSERT INTO `twothink_action` VALUES ('1', 'user_login', '用户登录', '积分+10，每天一次', 'table:member|field:score|condition:uid={$self} AND status>-1|rule:score+10|cycle:24|max:1;', '[user|get_nickname]在[time|time_format]登录了后台', '1', '0', '1387181220');
INSERT INTO `twothink_action` VALUES ('2', 'add_article', '发布文章', '积分+5，每天上限5次', 'table:member|field:score|condition:uid={$self}|rule:score+5|cycle:24|max:5', '', '2', '0', '1380173180');
INSERT INTO `twothink_action` VALUES ('3', 'review', '评论', '评论积分+1，无限制', 'table:member|field:score|condition:uid={$self}|rule:score+1', '', '2', '1', '1383285646');
INSERT INTO `twothink_action` VALUES ('4', 'add_document', '发表文档', '积分+10，每天上限5次', 'table:member|field:score|condition:uid={$self}|rule:score+10|cycle:24|max:5', '[user|get_nickname]在[time|time_format]发表了一篇文章。\r\n表[model]，记录编号[record]。', '2', '0', '1386139726');
INSERT INTO `twothink_action` VALUES ('5', 'add_document_topic', '发表讨论', '积分+5，每天上限10次', 'table:member|field:score|condition:uid={$self}|rule:score+5|cycle:24|max:10', '', '2', '0', '1383285551');
INSERT INTO `twothink_action` VALUES ('6', 'update_config', '更新配置', '新增或修改或删除配置', '', '', '1', '1', '1383294988');
INSERT INTO `twothink_action` VALUES ('7', 'update_model', '更新模型', '新增或修改模型', '', '', '1', '1', '1383295057');
INSERT INTO `twothink_action` VALUES ('8', 'update_attribute', '更新属性', '新增或更新或删除属性', '', '', '1', '1', '1383295963');
INSERT INTO `twothink_action` VALUES ('9', 'update_channel', '更新导航', '新增或修改或删除导航', '', '', '1', '1', '1383296301');
INSERT INTO `twothink_action` VALUES ('10', 'update_menu', '更新菜单', '新增或修改或删除菜单', '', '', '1', '1', '1383296392');
INSERT INTO `twothink_action` VALUES ('11', 'update_category', '更新分类', '新增或修改或删除分类', '', '', '1', '1', '1383296765');

-- -----------------------------
-- Table structure for `twothink_action_log`
-- -----------------------------
DROP TABLE IF EXISTS `twothink_action_log`;
CREATE TABLE `twothink_action_log` (
  `id` int(10) unsigned NOT NULL AUTO_INCREMENT COMMENT '主键',
  `action_id` int(10) unsigned NOT NULL DEFAULT '0' COMMENT '行为id',
  `user_id` int(10) unsigned NOT NULL DEFAULT '0' COMMENT '执行用户id',
  `action_ip` bigint(20) NOT NULL COMMENT '执行行为者ip',
  `model` varchar(50) NOT NULL DEFAULT '' COMMENT '触发行为的表',
  `record_id` int(10) unsigned NOT NULL DEFAULT '0' COMMENT '触发行为的数据id',
  `remark` varchar(255) NOT NULL DEFAULT '' COMMENT '日志备注',
  `status` tinyint(2) NOT NULL DEFAULT '1' COMMENT '状态',
  `create_time` int(10) unsigned NOT NULL DEFAULT '0' COMMENT '执行行为的时间',
  PRIMARY KEY (`id`),
  KEY `action_ip_ix` (`action_ip`),
  KEY `action_id_ix` (`action_id`),
  KEY `user_id_ix` (`user_id`)
) ENGINE=MyISAM AUTO_INCREMENT=9 DEFAULT CHARSET=utf8 ROW_FORMAT=FIXED COMMENT='行为日志表';

-- -----------------------------
-- Records of `twothink_action_log`
-- -----------------------------
INSERT INTO `twothink_action_log` VALUES ('1', '7', '1', '1867134689', 'model', '2', '操作url：/admin/model/updates.html', '1', '1504710267');
INSERT INTO `twothink_action_log` VALUES ('2', '7', '1', '1867134689', 'model', '2', '操作url：/admin/model/updates.html', '1', '1504710507');
INSERT INTO `twothink_action_log` VALUES ('3', '7', '1', '1867134689', 'model', '3', '操作url：/admin/model/updates.html', '1', '1504710533');
INSERT INTO `twothink_action_log` VALUES ('4', '7', '1', '1867134689', 'model', '2', '操作url：/admin/model/updates.html', '1', '1504713038');
INSERT INTO `twothink_action_log` VALUES ('5', '11', '1', '1867134689', 'category', '1', '操作url：/admin/category/updates.html', '1', '1504713670');
INSERT INTO `twothink_action_log` VALUES ('6', '7', '1', '1867134689', 'model', '3', '操作url：/admin/model/updates.html', '1', '1504714159');
INSERT INTO `twothink_action_log` VALUES ('7', '7', '1', '1867134689', 'model', '2', '操作url：/admin/model/updates.html', '1', '1504714171');
INSERT INTO `twothink_action_log` VALUES ('8', '7', '1', '1867134689', 'model', '1', '操作url：/admin/model/updates.html', '1', '1504714179');

-- -----------------------------
-- Table structure for `twothink_addons`
-- -----------------------------
DROP TABLE IF EXISTS `twothink_addons`;
CREATE TABLE `twothink_addons` (
  `id` int(10) unsigned NOT NULL AUTO_INCREMENT COMMENT '主键',
  `name` varchar(40) NOT NULL COMMENT '插件名或标识',
  `title` varchar(20) NOT NULL DEFAULT '' COMMENT '中文名',
  `description` text COMMENT '插件描述',
  `status` tinyint(1) NOT NULL DEFAULT '1' COMMENT '状态',
  `config` text COMMENT '配置',
  `author` varchar(40) DEFAULT '' COMMENT '作者',
  `version` varchar(20) DEFAULT '' COMMENT '版本号',
  `create_time` int(10) unsigned NOT NULL DEFAULT '0' COMMENT '安装时间',
  `has_adminlist` tinyint(1) unsigned NOT NULL DEFAULT '0' COMMENT '是否有后台列表',
  PRIMARY KEY (`id`)
) ENGINE=MyISAM AUTO_INCREMENT=60 DEFAULT CHARSET=utf8 COMMENT='插件表';

-- -----------------------------
-- Records of `twothink_addons`
-- -----------------------------
INSERT INTO `twothink_addons` VALUES ('39', 'editor', '前台编辑器', '用于增强整站长文本的输入和显示', '0', '{\"editor_type\":\"1\",\"editor_wysiwyg\":1,\"editor_height\":\"300px\",\"editor_resize_type\":\"1\"}', 'thinkphp', '0.1', '1478444756', '0');
INSERT INTO `twothink_addons` VALUES ('40', 'devteam', '开发团队信息', '开发团队成员信息', '1', '{\"title\":\"TwoThink\\u5f00\\u53d1\\u56e2\\u961f\",\"width\":\"2\",\"display\":\"1\"}', 'thinkphp', '0.1', '1478444759', '0');
INSERT INTO `twothink_addons` VALUES ('61', 'editorforadmin', '后台编辑器', '用于增强整站长文本的输入和显示', '1', '{\"editor_type\":\"2\",\"editor_wysiwyg\":\"2\",\"editor_markdownpreview\":\"1\",\"editor_height\":\"500px\",\"editor_resize_type\":\"1\"}', 'thinkphp', '0.2', '1508725412', '0');
INSERT INTO `twothink_addons` VALUES ('43', 'systeminfo', '系统环境信息', '用于显示一些服务器的信息', '1', '{\"title\":\"\\u7cfb\\u7edf\\u4fe1\\u606f\",\"width\":\"2\",\"display\":\"1\"}', 'thinkphp', '0.1', '1478523796', '0');
INSERT INTO `twothink_addons` VALUES ('45', 'sitestat', '站点统计信息', '统计站点的基础信息', '1', '{\"title\":\"\\u7cfb\\u7edf\\u4fe1\\u606f\",\"width\":\"1\",\"display\":\"1\"}', 'thinkphp', '0.1', '1478523840', '0');
INSERT INTO `twothink_addons` VALUES ('46', 'socialcomment', '通用社交化评论', '集成了各种社交化评论插件，轻松集成到系统中。', '1', '{\"comment_type\":\"1\",\"comment_uid_youyan\":\"2118746\",\"comment_short_name_duoshuo\":\"twothink.cn\",\"comment_form_pos_duoshuo\":\"buttom\",\"comment_data_list_duoshuo\":\"10\",\"comment_data_order_duoshuo\":\"asc\"}', 'thinkphp', '0.1', '1478523917', '0');
INSERT INTO `twothink_addons` VALUES ('64', 'webuploader', '百度文件上传', '支持图片文件多文件同时上传', '1', '{\"param\":\"name:docunment;type:pic;number:1;size:2;accept:jpg,gif,png,jpeg\\r\\nname:download;type:pic;number:1;size:2;accept:zip,rar,tar,gz,7z,doc,docx,txt,xml\"}', '小矮人', '0.1', '1509002781', '0');

-- -----------------------------
-- Table structure for `twothink_attachment`
-- -----------------------------
DROP TABLE IF EXISTS `twothink_attachment`;
CREATE TABLE `twothink_attachment` (
  `id` int(10) unsigned NOT NULL AUTO_INCREMENT,
  `uid` int(10) unsigned NOT NULL DEFAULT '0' COMMENT '用户ID',
  `title` char(30) NOT NULL DEFAULT '' COMMENT '附件显示名',
  `type` tinyint(3) unsigned NOT NULL DEFAULT '0' COMMENT '附件类型',
  `source` int(10) unsigned NOT NULL DEFAULT '0' COMMENT '资源ID',
  `record_id` int(10) unsigned NOT NULL DEFAULT '0' COMMENT '关联记录ID',
  `download` int(10) unsigned NOT NULL DEFAULT '0' COMMENT '下载次数',
  `size` bigint(20) unsigned NOT NULL DEFAULT '0' COMMENT '附件大小',
  `dir` int(12) unsigned NOT NULL DEFAULT '0' COMMENT '上级目录ID',
  `sort` int(8) unsigned NOT NULL DEFAULT '0' COMMENT '排序',
  `create_time` int(10) unsigned NOT NULL DEFAULT '0' COMMENT '创建时间',
  `update_time` int(11) unsigned NOT NULL DEFAULT '0' COMMENT '更新时间',
  `status` tinyint(1) NOT NULL DEFAULT '0' COMMENT '状态',
  PRIMARY KEY (`id`),
  KEY `idx_record_status` (`record_id`,`status`)
) ENGINE=MyISAM DEFAULT CHARSET=utf8 COMMENT='附件表';


-- -----------------------------
-- Table structure for `twothink_attribute`
-- -----------------------------
DROP TABLE IF EXISTS `twothink_attribute`;
CREATE TABLE `twothink_attribute` (
  `id` int(10) unsigned NOT NULL AUTO_INCREMENT,
  `name` varchar(30) NOT NULL DEFAULT '' COMMENT '字段名',
  `title` varchar(100) NOT NULL DEFAULT '' COMMENT '字段注释',
  `field` varchar(100) NOT NULL DEFAULT '' COMMENT '字段定义',
  `type` varchar(20) NOT NULL DEFAULT '' COMMENT '数据类型',
  `value` varchar(100) NOT NULL DEFAULT '' COMMENT '字段默认值',
  `remark` varchar(100) NOT NULL DEFAULT '' COMMENT '备注',
  `is_show` tinyint(1) unsigned NOT NULL DEFAULT '1' COMMENT '是否显示',
  `extra` varchar(255) NOT NULL DEFAULT '' COMMENT '参数',
  `model_id` int(10) unsigned NOT NULL DEFAULT '0' COMMENT '模型id',
  `is_must` tinyint(1) unsigned NOT NULL DEFAULT '0' COMMENT '是否必填',
  `status` tinyint(2) NOT NULL DEFAULT '0' COMMENT '状态',
  `update_time` int(11) unsigned NOT NULL DEFAULT '0' COMMENT '更新时间',
  `create_time` int(11) unsigned NOT NULL DEFAULT '0' COMMENT '创建时间',
  `validate_rule` varchar(255) NOT NULL DEFAULT '',
  `validate_time` tinyint(1) unsigned NOT NULL DEFAULT '0',
  `error_info` varchar(100) NOT NULL DEFAULT '',
  `validate_type` varchar(25) NOT NULL DEFAULT '',
  `auto_rule` varchar(100) NOT NULL DEFAULT '',
  `auto_time` tinyint(1) unsigned NOT NULL DEFAULT '0',
  `auto_type` varchar(25) NOT NULL DEFAULT '',
  PRIMARY KEY (`id`),
  KEY `model_id` (`model_id`)
) ENGINE=MyISAM AUTO_INCREMENT=291 DEFAULT CHARSET=utf8 COMMENT='模型属性表';

-- -----------------------------
-- Records of `twothink_attribute`
-- -----------------------------
INSERT INTO `twothink_attribute` VALUES ('1', 'uid', '用户ID', 'int(10) unsigned NOT NULL ', 'num', '0', '', '0', '', '1', '0', '1', '1384508362', '1383891233', '', '0', '', '', '', '0', '');
INSERT INTO `twothink_attribute` VALUES ('2', 'name', '标识', 'char(40) NOT NULL ', 'string', '', '同一根节点下标识不重复', '1', '', '1', '0', '1', '1383894743', '1383891233', '', '0', '', '', '', '0', '');
INSERT INTO `twothink_attribute` VALUES ('3', 'title', '标题', 'char(80) NOT NULL ', 'string', '', '文档标题', '1', '', '1', '0', '1', '1383894778', '1383891233', '', '0', '', '', '', '0', '');
INSERT INTO `twothink_attribute` VALUES ('4', 'category_id', '所属分类', 'int(10) unsigned NOT NULL ', 'string', '', '', '4', ':[cate_id]', '1', '0', '1', '1384508336', '1383891233', '', '3', '', '', '', '3', '');
INSERT INTO `twothink_attribute` VALUES ('5', 'description', '描述', 'char(140) NOT NULL ', 'textarea', '', '', '1', '', '1', '0', '1', '1383894927', '1383891233', '', '0', '', '', '', '0', '');
INSERT INTO `twothink_attribute` VALUES ('6', 'root', '根节点', 'int(10) unsigned NOT NULL ', 'num', '0', '该文档的顶级文档编号', '0', '', '1', '0', '1', '1384508323', '1383891233', '', '0', '', '', '', '0', '');
INSERT INTO `twothink_attribute` VALUES ('7', 'pid', '所属ID', 'int(10) unsigned NOT NULL ', 'num', '0', '父文档编号', '0', '', '1', '0', '1', '1384508543', '1383891233', '', '0', '', '', '', '0', '');
INSERT INTO `twothink_attribute` VALUES ('8', 'model_id', '内容模型ID', 'tinyint(3) unsigned NOT NULL ', 'num', '0', '该文档所对应的模型', '4', ':[model_id]', '1', '0', '1', '1384508350', '1383891233', '', '3', '', '', '', '3', '');
INSERT INTO `twothink_attribute` VALUES ('9', 'type', '内容类型', 'tinyint(3) unsigned NOT NULL ', 'select', '2', '', '1', '1:目录\r\n2:主题\r\n3:段落', '1', '0', '1', '1384511157', '1383891233', '', '0', '', '', '', '0', '');
INSERT INTO `twothink_attribute` VALUES ('10', 'position', '推荐位', 'smallint(5) unsigned NOT NULL ', 'checkbox', '0', '多个推荐则将其推荐值相加', '1', '[document_position]', '1', '0', '1', '1383895640', '1383891233', '', '0', '', '', '', '0', '');
INSERT INTO `twothink_attribute` VALUES ('11', 'link_id', '外链', 'int(10) unsigned NOT NULL ', 'num', '0', '0-非外链，大于0-外链ID,需要函数进行链接与编号的转换', '1', '', '1', '0', '1', '1383895757', '1383891233', '', '0', '', '', '', '0', '');
INSERT INTO `twothink_attribute` VALUES ('12', 'cover_id', '封面', 'int(10) unsigned NOT NULL ', 'picture', '0', '0-无封面，大于0-封面图片ID，需要函数处理', '1', '', '1', '0', '1', '1384147827', '1383891233', '', '3', '', '', '', '3', '');
INSERT INTO `twothink_attribute` VALUES ('13', 'display', '可见性', 'tinyint(3) unsigned NOT NULL ', 'radio', '1', '', '1', '0:不可见\r\n1:所有人可见', '1', '0', '1', '1386662271', '1383891233', '', '0', '', 'regex', '', '0', 'function');
INSERT INTO `twothink_attribute` VALUES ('14', 'deadline', '截至时间', 'int(10) unsigned NOT NULL ', 'datetime', '0', '0-永久有效', '1', '', '1', '0', '1', '1387163248', '1383891233', '', '0', '', 'regex', '', '0', 'function');
INSERT INTO `twothink_attribute` VALUES ('15', 'attach', '附件数量', 'tinyint(3) unsigned NOT NULL ', 'num', '0', '', '0', '', '1', '0', '1', '1387260355', '1383891233', '', '0', '', 'regex', '', '0', 'function');
INSERT INTO `twothink_attribute` VALUES ('16', 'view', '浏览量', 'int(10) unsigned NOT NULL ', 'num', '0', '', '1', '', '1', '0', '1', '1383895835', '1383891233', '', '0', '', '', '', '0', '');
INSERT INTO `twothink_attribute` VALUES ('17', 'comment', '评论数', 'int(10) unsigned NOT NULL ', 'num', '0', '', '1', '', '1', '0', '1', '1383895846', '1383891233', '', '0', '', '', '', '0', '');
INSERT INTO `twothink_attribute` VALUES ('18', 'extend', '扩展统计字段', 'int(10) unsigned NOT NULL ', 'num', '0', '根据需求自行使用', '0', '', '1', '0', '1', '1384508264', '1383891233', '', '0', '', '', '', '0', '');
INSERT INTO `twothink_attribute` VALUES ('19', 'level', '优先级', 'int(10) unsigned NOT NULL ', 'num', '0', '越高排序越靠前', '1', '', '1', '0', '1', '1383895894', '1383891233', '', '0', '', '', '', '0', '');
INSERT INTO `twothink_attribute` VALUES ('20', 'create_time', '创建时间', 'int(10) unsigned NOT NULL ', 'datetime', '0', '', '1', '', '1', '0', '1', '1383895903', '1383891233', '', '0', '', '', '', '0', '');
INSERT INTO `twothink_attribute` VALUES ('21', 'update_time', '更新时间', 'int(10) unsigned NOT NULL ', 'datetime', '0', '', '0', '', '1', '0', '1', '1384508277', '1383891233', '', '0', '', '', '', '0', '');
INSERT INTO `twothink_attribute` VALUES ('22', 'status', '数据状态', 'tinyint(4) NOT NULL ', 'radio', '0', '', '0', '-1:删除\r\n0:禁用\r\n1:正常\r\n2:待审核\r\n3:草稿', '1', '0', '1', '1384508496', '1383891233', '', '0', '', '', '', '0', '');
INSERT INTO `twothink_attribute` VALUES ('23', 'parse', '内容解析类型', 'tinyint(3) unsigned NOT NULL ', 'select', '0', '', '0', '0:html\r\n1:ubb\r\n2:markdown', '2', '0', '1', '1384511049', '1383891243', '', '0', '', '', '', '0', '');
INSERT INTO `twothink_attribute` VALUES ('24', 'content', '文章内容', 'text NOT NULL ', 'editor', '', '', '1', '', '2', '0', '1', '1477845595', '1383891243', '', '3', '', 'regex', '', '0', 'function');
INSERT INTO `twothink_attribute` VALUES ('25', 'template', '详情页显示模板', 'varchar(100) NOT NULL ', 'string', '', '参照display方法参数的定义', '1', '', '2', '0', '1', '1383896190', '1383891243', '', '0', '', '', '', '0', '');
INSERT INTO `twothink_attribute` VALUES ('26', 'bookmark', '收藏数', 'int(10) unsigned NOT NULL ', 'num', '0', '', '1', '', '2', '0', '1', '1383896103', '1383891243', '', '0', '', '', '', '0', '');
INSERT INTO `twothink_attribute` VALUES ('27', 'parse', '内容解析类型', 'tinyint(3) unsigned NOT NULL ', 'select', '0', '', '0', '0:html\r\n1:ubb\r\n2:markdown', '3', '0', '1', '1387260461', '1383891252', '', '0', '', 'regex', '', '0', 'function');
INSERT INTO `twothink_attribute` VALUES ('28', 'content', '下载详细描述', 'text NOT NULL ', 'editor', '', '', '1', '', '3', '0', '1', '1383896438', '1383891252', '', '0', '', '', '', '0', '');
INSERT INTO `twothink_attribute` VALUES ('29', 'template', '详情页显示模板', 'varchar(100) NOT NULL ', 'string', '', '', '1', '', '3', '0', '1', '1383896429', '1383891252', '', '0', '', '', '', '0', '');
INSERT INTO `twothink_attribute` VALUES ('30', 'file_id', '文件ID', 'int(10) unsigned NOT NULL ', 'file', '0', '需要函数处理', '1', '', '3', '0', '1', '1383896415', '1383891252', '', '0', '', '', '', '0', '');
INSERT INTO `twothink_attribute` VALUES ('31', 'download', '下载次数', 'int(10) unsigned NOT NULL ', 'num', '0', '', '1', '', '3', '0', '1', '1383896380', '1383891252', '', '0', '', '', '', '0', '');
INSERT INTO `twothink_attribute` VALUES ('32', 'size', '文件大小', 'bigint(20) unsigned NOT NULL ', 'num', '0', '单位bit', '1', '', '3', '0', '1', '1383896371', '1383891252', '', '0', '', '', '', '0', '');
INSERT INTO `twothink_attribute` VALUES ('288', 'keywords', 'Tags关键词', 'varchar(40) NOT NULL', 'string', '', ' 多个之间用空格分隔', '1', '', '1', '0', '0', '1479963928', '0', '', '3', '', 'regex', '', '3', 'function');
INSERT INTO `twothink_attribute` VALUES ('289', 'score', '下载积分', 'mediumint(8) UNSIGNED NOT NULL', 'num', '0', '下载文件所需积分', '1', '', '3', '0', '0', '0', '0', '', '3', '', 'regex', '', '3', 'function');
INSERT INTO `twothink_attribute` VALUES ('290', 'group_id', '所属分组', 'smallint(3) UNSIGNED', 'string', '', '', '4', ':[group_id]', '1', '0', '0', '0', '0', '', '3', '', '', '', '3', '');

-- -----------------------------
-- Table structure for `twothink_auth_extend`
-- -----------------------------
DROP TABLE IF EXISTS `twothink_auth_extend`;
CREATE TABLE `twothink_auth_extend` (
  `group_id` mediumint(10) unsigned NOT NULL COMMENT '用户id',
  `extend_id` mediumint(8) unsigned NOT NULL COMMENT '扩展表中数据的id',
  `type` tinyint(1) unsigned NOT NULL COMMENT '扩展类型标识 1:栏目分类权限;2:模型权限',
  UNIQUE KEY `group_extend_type` (`group_id`,`extend_id`,`type`),
  KEY `uid` (`group_id`),
  KEY `group_id` (`extend_id`)
) ENGINE=MyISAM DEFAULT CHARSET=utf8 COMMENT='用户组与分类的对应关系表';

-- -----------------------------
-- Records of `twothink_auth_extend`
-- -----------------------------
INSERT INTO `twothink_auth_extend` VALUES ('1', '1', '1');
INSERT INTO `twothink_auth_extend` VALUES ('1', '1', '2');
INSERT INTO `twothink_auth_extend` VALUES ('1', '2', '2');
INSERT INTO `twothink_auth_extend` VALUES ('1', '3', '2');
INSERT INTO `twothink_auth_extend` VALUES ('2', '1', '1');

-- -----------------------------
-- Table structure for `twothink_auth_group`
-- -----------------------------
DROP TABLE IF EXISTS `twothink_auth_group`;
CREATE TABLE `twothink_auth_group` (
  `id` mediumint(8) unsigned NOT NULL AUTO_INCREMENT COMMENT '用户组id,自增主键',
  `module` varchar(20) NOT NULL DEFAULT '' COMMENT '用户组所属模块',
  `type` tinyint(4) NOT NULL DEFAULT '0' COMMENT '组类型',
  `title` char(20) NOT NULL DEFAULT '' COMMENT '用户组中文名称',
  `description` varchar(80) NOT NULL DEFAULT '' COMMENT '描述信息',
  `status` tinyint(1) NOT NULL DEFAULT '1' COMMENT '用户组状态：为1正常，为0禁用,-1为删除',
  `rules` varchar(500) NOT NULL DEFAULT '' COMMENT '用户组拥有的规则id，多个规则 , 隔开',
  PRIMARY KEY (`id`)
) ENGINE=MyISAM AUTO_INCREMENT=3 DEFAULT CHARSET=utf8;

-- -----------------------------
-- Records of `twothink_auth_group`
-- -----------------------------
INSERT INTO `twothink_auth_group` VALUES ('1', 'admin', '1', '默认用户组', '', '1', '1,2,7,8,9,10,11,12,13,14,15,16,17,18,19,20,21,22,23,24,25,26,27,28,29,30,31,32,33,34,35,36,37,38,39,40,41,42,43,44,45,46,47,48,49,50,51,52,53,54,55,56,57,58,59,60,61,62,63,64,65,66,67,68,69,70,71,72,73,74,79,80,81,82,83,84,86,87,88,89,90,91,92,93,94,95,100,102,103');
INSERT INTO `twothink_auth_group` VALUES ('2', 'admin', '1', '测试用户', '测试用户', '1', '1,2,7,8,9,10,11,12,13,14,15,16,17,18,26,79,88,195');

-- -----------------------------
-- Table structure for `twothink_auth_group_access`
-- -----------------------------
DROP TABLE IF EXISTS `twothink_auth_group_access`;
CREATE TABLE `twothink_auth_group_access` (
  `uid` int(10) unsigned NOT NULL COMMENT '用户id',
  `group_id` mediumint(8) unsigned NOT NULL COMMENT '用户组id',
  UNIQUE KEY `uid_group_id` (`uid`,`group_id`),
  KEY `uid` (`uid`),
  KEY `group_id` (`group_id`)
) ENGINE=MyISAM DEFAULT CHARSET=utf8;

-- -----------------------------
-- Records of `twothink_auth_group_access`
-- -----------------------------
INSERT INTO `twothink_auth_group_access` VALUES ('2', '1');

-- ----------------------------
-- Table structure for twothink_auth_rule
-- ----------------------------
DROP TABLE IF EXISTS `twothink_auth_rule`;
CREATE TABLE `twothink_auth_rule` (
  `id` mediumint(8) unsigned NOT NULL AUTO_INCREMENT COMMENT '规则id,自增主键',
  `menu_id` int(10) NOT NULL DEFAULT '0' COMMENT '关联menu表id',
  `module` varchar(20) NOT NULL COMMENT '规则所属module',
  `type` tinyint(2) NOT NULL DEFAULT '1' COMMENT '1-url;2-主菜单',
  `name` char(80) NOT NULL DEFAULT '' COMMENT '规则唯一英文标识',
  `title` char(20) NOT NULL DEFAULT '' COMMENT '规则中文描述',
  `status` tinyint(1) NOT NULL DEFAULT '1' COMMENT '是否有效(0:无效,1:有效)',
  `condition` varchar(300) NOT NULL DEFAULT '' COMMENT '规则附加条件',
  PRIMARY KEY (`id`),
  KEY `module` (`module`,`status`,`type`)
) ENGINE=MyISAM AUTO_INCREMENT=114 DEFAULT CHARSET=utf8;

-- ----------------------------
-- Records of twothink_auth_rule
-- ----------------------------
INSERT INTO `twothink_auth_rule` VALUES ('1', '1', 'admin', '2', 'admin/Index/index', '首页', '1', '');
INSERT INTO `twothink_auth_rule` VALUES ('2', '3', 'admin', '1', 'admin/article/index', '文档列表', '1', '');
INSERT INTO `twothink_auth_rule` VALUES ('3', '4', 'admin', '1', 'admin/article/add', '新增', '1', '');
INSERT INTO `twothink_auth_rule` VALUES ('4', '5', 'admin', '1', 'admin/article/edit', '编辑', '1', '');
INSERT INTO `twothink_auth_rule` VALUES ('5', '6', 'admin', '1', 'admin/article/setStatus', '改变状态', '1', '');
INSERT INTO `twothink_auth_rule` VALUES ('6', '7', 'admin', '1', 'admin/article/update', '保存', '1', '');
INSERT INTO `twothink_auth_rule` VALUES ('7', '8', 'admin', '1', 'admin/article/autoSave', '保存草稿', '1', '');
INSERT INTO `twothink_auth_rule` VALUES ('8', '9', 'admin', '1', 'admin/article/move', '移动', '1', '');
INSERT INTO `twothink_auth_rule` VALUES ('9', '10', 'admin', '1', 'admin/article/copy', '复制', '1', '');
INSERT INTO `twothink_auth_rule` VALUES ('10', '11', 'admin', '1', 'admin/article/paste', '粘贴', '1', '');
INSERT INTO `twothink_auth_rule` VALUES ('11', '12', 'admin', '1', 'admin/article/batchOperate', '导入', '1', '');
INSERT INTO `twothink_auth_rule` VALUES ('12', '13', 'admin', '1', 'admin/article/recycle', '回收站', '1', '');
INSERT INTO `twothink_auth_rule` VALUES ('13', '14', 'admin', '1', 'admin/article/permit', '还原', '1', '');
INSERT INTO `twothink_auth_rule` VALUES ('14', '15', 'admin', '1', 'admin/article/clear', '清空', '1', '');
INSERT INTO `twothink_auth_rule` VALUES ('15', '17', 'admin', '1', 'admin/User/index', '用户信息', '1', '');
INSERT INTO `twothink_auth_rule` VALUES ('16', '19', 'admin', '1', 'admin/User/action', '用户行为', '1', '');
INSERT INTO `twothink_auth_rule` VALUES ('17', '20', 'admin', '1', 'admin/User/addaction', '新增用户行为', '1', '');
INSERT INTO `twothink_auth_rule` VALUES ('18', '21', 'admin', '1', 'admin/User/editaction', '编辑用户行为', '1', '');
INSERT INTO `twothink_auth_rule` VALUES ('19', '22', 'admin', '1', 'admin/User/saveAction', '保存用户行为', '1', '');
INSERT INTO `twothink_auth_rule` VALUES ('20', '23', 'admin', '1', 'admin/User/setStatus', '变更行为状态', '1', '');
INSERT INTO `twothink_auth_rule` VALUES ('21', '24', 'admin', '1', 'admin/User/changeStatus?method=forbidUser', '禁用会员', '1', '');
INSERT INTO `twothink_auth_rule` VALUES ('22', '25', 'admin', '1', 'admin/User/changeStatus?method=resumeUser', '启用会员', '1', '');
INSERT INTO `twothink_auth_rule` VALUES ('23', '26', 'admin', '1', 'admin/User/changeStatus?method=deleteUser', '删除会员', '1', '');
INSERT INTO `twothink_auth_rule` VALUES ('24', '28', 'admin', '1', 'admin/AuthManager/changeStatus?method=deleteGroup', '删除', '1', '');
INSERT INTO `twothink_auth_rule` VALUES ('25', '29', 'admin', '1', 'admin/AuthManager/changeStatus?method=forbidGroup', '禁用', '1', '');
INSERT INTO `twothink_auth_rule` VALUES ('26', '30', 'admin', '1', 'admin/AuthManager/changeStatus?method=resumeGroup', '恢复', '1', '');
INSERT INTO `twothink_auth_rule` VALUES ('27', '31', 'admin', '1', 'admin/AuthManager/createGroup', '新增', '1', '');
INSERT INTO `twothink_auth_rule` VALUES ('28', '32', 'admin', '1', 'admin/AuthManager/editGroup', '编辑', '1', '');
INSERT INTO `twothink_auth_rule` VALUES ('29', '33', 'admin', '1', 'admin/AuthManager/writeGroup', '保存用户组', '1', '');
INSERT INTO `twothink_auth_rule` VALUES ('30', '34', 'admin', '1', 'admin/AuthManager/group', '授权', '1', '');
INSERT INTO `twothink_auth_rule` VALUES ('31', '35', 'admin', '1', 'admin/AuthManager/access', '访问授权', '1', '');
INSERT INTO `twothink_auth_rule` VALUES ('32', '36', 'admin', '1', 'admin/AuthManager/user', '成员授权', '1', '');
INSERT INTO `twothink_auth_rule` VALUES ('33', '37', 'admin', '1', 'admin/AuthManager/removeFromGroup', '解除授权', '1', '');
INSERT INTO `twothink_auth_rule` VALUES ('34', '38', 'admin', '1', 'admin/AuthManager/addToGroup', '保存成员授权', '1', '');
INSERT INTO `twothink_auth_rule` VALUES ('35', '39', 'admin', '1', 'admin/AuthManager/category', '分类授权', '1', '');
INSERT INTO `twothink_auth_rule` VALUES ('36', '40', 'admin', '1', 'admin/AuthManager/addToCategory', '保存分类授权', '1', '');
INSERT INTO `twothink_auth_rule` VALUES ('37', '41', 'admin', '1', 'admin/AuthManager/modelauth', '模型授权', '1', '');
INSERT INTO `twothink_auth_rule` VALUES ('38', '42', 'admin', '1', 'admin/AuthManager/addToModel', '保存模型授权', '1', '');
INSERT INTO `twothink_auth_rule` VALUES ('39', '44', 'admin', '1', 'admin/Addons/index', '插件管理', '1', '');
INSERT INTO `twothink_auth_rule` VALUES ('40', '45', 'admin', '1', 'admin/Addons/create', '创建', '1', '');
INSERT INTO `twothink_auth_rule` VALUES ('41', '46', 'admin', '1', 'admin/Addons/checkForm', '检测创建', '1', '');
INSERT INTO `twothink_auth_rule` VALUES ('42', '47', 'admin', '1', 'admin/Addons/preview', '预览', '1', '');
INSERT INTO `twothink_auth_rule` VALUES ('43', '48', 'admin', '1', 'admin/Addons/build', '快速生成插件', '1', '');
INSERT INTO `twothink_auth_rule` VALUES ('44', '49', 'admin', '1', 'admin/Addons/config', '设置', '1', '');
INSERT INTO `twothink_auth_rule` VALUES ('45', '50', 'admin', '1', 'admin/Addons/disable', '禁用', '1', '');
INSERT INTO `twothink_auth_rule` VALUES ('46', '51', 'admin', '1', 'admin/Addons/enable', '启用', '1', '');
INSERT INTO `twothink_auth_rule` VALUES ('47', '52', 'admin', '1', 'admin/Addons/install', '安装', '1', '');
INSERT INTO `twothink_auth_rule` VALUES ('48', '53', 'admin', '1', 'admin/Addons/uninstall', '卸载', '1', '');
INSERT INTO `twothink_auth_rule` VALUES ('49', '54', 'admin', '1', 'admin/Addons/saveconfig', '更新配置', '1', '');
INSERT INTO `twothink_auth_rule` VALUES ('50', '55', 'admin', '1', 'admin/Addons/adminList', '插件后台列表', '1', '');
INSERT INTO `twothink_auth_rule` VALUES ('51', '56', 'admin', '1', 'admin/Addons/execute', 'URL方式访问插件', '1', '');
INSERT INTO `twothink_auth_rule` VALUES ('52', '59', 'admin', '1', 'admin/model/add', '新增', '1', '');
INSERT INTO `twothink_auth_rule` VALUES ('53', '60', 'admin', '1', 'admin/model/edit', '编辑', '1', '');
INSERT INTO `twothink_auth_rule` VALUES ('54', '61', 'admin', '1', 'admin/model/setStatus', '改变状态', '1', '');
INSERT INTO `twothink_auth_rule` VALUES ('55', '62', 'admin', '1', 'admin/model/update', '保存数据', '1', '');
INSERT INTO `twothink_auth_rule` VALUES ('56', '64', 'admin', '1', 'admin/Attribute/add', '新增', '1', '');
INSERT INTO `twothink_auth_rule` VALUES ('57', '65', 'admin', '1', 'admin/Attribute/edit', '编辑', '1', '');
INSERT INTO `twothink_auth_rule` VALUES ('58', '66', 'admin', '1', 'admin/Attribute/setStatus', '改变状态', '1', '');
INSERT INTO `twothink_auth_rule` VALUES ('59', '67', 'admin', '1', 'admin/Attribute/update', '保存数据', '1', '');
INSERT INTO `twothink_auth_rule` VALUES ('60', '69', 'admin', '1', 'admin/Config/group', '网站设置', '1', '');
INSERT INTO `twothink_auth_rule` VALUES ('61', '71', 'admin', '1', 'admin/Config/edit', '编辑', '1', '');
INSERT INTO `twothink_auth_rule` VALUES ('62', '72', 'admin', '1', 'admin/Config/del', '删除', '1', '');
INSERT INTO `twothink_auth_rule` VALUES ('63', '73', 'admin', '1', 'admin/Config/add', '新增', '1', '');
INSERT INTO `twothink_auth_rule` VALUES ('64', '74', 'admin', '1', 'admin/Config/save', '保存', '1', '');
INSERT INTO `twothink_auth_rule` VALUES ('65', '77', 'admin', '1', 'admin/Channel/add', '新增', '1', '');
INSERT INTO `twothink_auth_rule` VALUES ('66', '78', 'admin', '1', 'admin/Channel/edit', '编辑', '1', '');
INSERT INTO `twothink_auth_rule` VALUES ('67', '79', 'admin', '1', 'admin/Channel/del', '删除', '1', '');
INSERT INTO `twothink_auth_rule` VALUES ('68', '81', 'admin', '1', 'admin/Category/edit', '编辑', '1', '');
INSERT INTO `twothink_auth_rule` VALUES ('69', '82', 'admin', '1', 'admin/Category/add', '新增', '1', '');
INSERT INTO `twothink_auth_rule` VALUES ('70', '83', 'admin', '1', 'admin/Category/remove', '删除', '1', '');
INSERT INTO `twothink_auth_rule` VALUES ('71', '84', 'admin', '1', 'admin/Category/operate/type/move', '移动', '1', '');
INSERT INTO `twothink_auth_rule` VALUES ('72', '85', 'admin', '1', 'admin/Category/operate/type/merge', '合并', '1', '');
INSERT INTO `twothink_auth_rule` VALUES ('73', '86', 'admin', '1', 'admin/Database/index?type=export', '备份数据库', '1', '');
INSERT INTO `twothink_auth_rule` VALUES ('74', '87', 'admin', '1', 'admin/Database/export', '备份', '1', '');
INSERT INTO `twothink_auth_rule` VALUES ('75', '88', 'admin', '1', 'admin/Database/optimize', '优化表', '1', '');
INSERT INTO `twothink_auth_rule` VALUES ('76', '89', 'admin', '1', 'admin/Database/repair', '修复表', '1', '');
INSERT INTO `twothink_auth_rule` VALUES ('77', '91', 'admin', '1', 'admin/Database/import', '恢复', '1', '');
INSERT INTO `twothink_auth_rule` VALUES ('78', '92', 'admin', '1', 'admin/Database/del', '删除', '1', '');
INSERT INTO `twothink_auth_rule` VALUES ('79', '96', 'admin', '1', 'admin/Menu/add', '新增', '1', '');
INSERT INTO `twothink_auth_rule` VALUES ('80', '98', 'admin', '1', 'admin/Menu/edit', '编辑', '1', '');
INSERT INTO `twothink_auth_rule` VALUES ('81', '108', 'admin', '1', 'admin/User/update_password', '修改密码', '1', '');
INSERT INTO `twothink_auth_rule` VALUES ('82', '110', 'admin', '1', 'admin/action/edit', '查看行为日志', '1', '');
INSERT INTO `twothink_auth_rule` VALUES ('83', '112', 'admin', '1', 'admin/think/add', '新增数据', '1', '');
INSERT INTO `twothink_auth_rule` VALUES ('84', '113', 'admin', '1', 'admin/think/edit', '编辑数据', '1', '');
INSERT INTO `twothink_auth_rule` VALUES ('85', '114', 'admin', '1', 'admin/Menu/import', '导入', '1', '');
INSERT INTO `twothink_auth_rule` VALUES ('86', '115', 'admin', '1', 'admin/Model/generate', '生成', '1', '');
INSERT INTO `twothink_auth_rule` VALUES ('87', '116', 'admin', '1', 'admin/addons/addhook', '新增钩子', '1', '');
INSERT INTO `twothink_auth_rule` VALUES ('88', '117', 'admin', '1', 'admin/Addons/edithook', '编辑钩子', '1', '');
INSERT INTO `twothink_auth_rule` VALUES ('89', '118', 'admin', '1', 'admin/Article/sort', '文档排序', '1', '');
INSERT INTO `twothink_auth_rule` VALUES ('90', '119', 'admin', '1', 'admin/Config/sort', '排序', '1', '');
INSERT INTO `twothink_auth_rule` VALUES ('91', '120', 'admin', '1', 'admin/Menu/sort', '排序', '1', '');
INSERT INTO `twothink_auth_rule` VALUES ('92', '121', 'admin', '1', 'admin/Channel/sort', '排序', '1', '');
INSERT INTO `twothink_auth_rule` VALUES ('93', '122', 'admin', '1', 'admin/think/lists', '数据列表', '1', '');
INSERT INTO `twothink_auth_rule` VALUES ('94', '123', 'admin', '1', 'admin/Article/examine', '审核列表', '1', '');
INSERT INTO `twothink_auth_rule` VALUES ('95', '132', 'admin', '1', 'admin/9999', '数据备份', '1', '');
INSERT INTO `twothink_auth_rule` VALUES ('96', '133', 'admin', '1', 'admin/inds', '扩展管理', '1', '');
INSERT INTO `twothink_auth_rule` VALUES ('97', '2', 'admin', '2', 'admin/Article/index', '内容', '1', '');
INSERT INTO `twothink_auth_rule` VALUES ('98', '27', 'admin', '1', 'admin/AuthManager/index', '权限管理', '1', '');
INSERT INTO `twothink_auth_rule` VALUES ('99', '57', 'admin', '1', 'admin/Addons/hooks', '钩子管理', '1', '');
INSERT INTO `twothink_auth_rule` VALUES ('100', '80', 'admin', '1', 'admin/Category/index', '分类管理', '1', '');
INSERT INTO `twothink_auth_rule` VALUES ('101', '90', 'admin', '1', 'admin/Database/index?type=import', '还原数据库', '1', '');
INSERT INTO `twothink_auth_rule` VALUES ('102', '106', 'admin', '1', 'admin/Action/actionlog', '行为日志', '1', '');
INSERT INTO `twothink_auth_rule` VALUES ('103', '109', 'admin', '1', 'admin/User/update_nickname', '修改昵称', '1', '');
INSERT INTO `twothink_auth_rule` VALUES ('104', '16', 'admin', '2', 'admin/User/index', '用户', '1', '');
INSERT INTO `twothink_auth_rule` VALUES ('105', '18', 'admin', '1', 'admin/User/add', '新增用户', '1', '');
INSERT INTO `twothink_auth_rule` VALUES ('106', '58', 'admin', '1', 'admin/Model/index', '模型管理', '1', '');
INSERT INTO `twothink_auth_rule` VALUES ('107', '68', 'admin', '2', 'admin/Config/group', '系统', '1', '');
INSERT INTO `twothink_auth_rule` VALUES ('108', '70', 'admin', '1', 'admin/Config/index', '配置管理', '1', '');
INSERT INTO `twothink_auth_rule` VALUES ('109', '75', 'admin', '1', 'admin/Menu/index', '菜单管理', '1', '');
INSERT INTO `twothink_auth_rule` VALUES ('110', '93', 'admin', '2', 'admin/other', '其他', '1', '');
INSERT INTO `twothink_auth_rule` VALUES ('111', '43', 'admin', '2', 'admin/Addons/index', '扩展', '1', '');
INSERT INTO `twothink_auth_rule` VALUES ('112', '76', 'admin', '1', 'admin/Channel/index', '导航管理', '1', '');
INSERT INTO `twothink_auth_rule` VALUES ('113', '63', 'admin', '1', 'admin/Attribute/index', '属性管理', '1', '');


-- -----------------------------
-- Table structure for `twothink_category`
-- -----------------------------
DROP TABLE IF EXISTS `twothink_category`;
CREATE TABLE `twothink_category` (
  `id` int(10) unsigned NOT NULL AUTO_INCREMENT COMMENT '分类ID',
  `name` varchar(30) NOT NULL COMMENT '标志',
  `title` varchar(50) NOT NULL COMMENT '标题',
  `pid` int(10) unsigned NOT NULL DEFAULT '0' COMMENT '上级分类ID',
  `sort` int(10) unsigned NOT NULL DEFAULT '0' COMMENT '排序（同级有效）',
  `list_row` tinyint(3) unsigned NOT NULL DEFAULT '10' COMMENT '列表每页行数',
  `meta_title` varchar(50) NOT NULL DEFAULT '' COMMENT 'SEO的网页标题',
  `keywords` varchar(255) NOT NULL DEFAULT '' COMMENT '关键字',
  `description` varchar(255) NOT NULL DEFAULT '' COMMENT '描述',
  `template_index` varchar(100) NOT NULL DEFAULT '' COMMENT '频道页模板',
  `template_lists` varchar(100) NOT NULL DEFAULT '' COMMENT '列表页模板',
  `template_detail` varchar(100) NOT NULL DEFAULT '' COMMENT '详情页模板',
  `template_edit` varchar(100) NOT NULL DEFAULT '' COMMENT '编辑页模板',
  `model` varchar(100) NOT NULL DEFAULT '' COMMENT '列表绑定模型',
  `model_sub` varchar(100) NOT NULL DEFAULT '' COMMENT '子文档绑定模型',
  `type` varchar(100) NOT NULL DEFAULT '' COMMENT '允许发布的内容类型',
  `link_id` int(10) unsigned NOT NULL DEFAULT '0' COMMENT '外链',
  `allow_publish` tinyint(3) unsigned NOT NULL DEFAULT '0' COMMENT '是否允许发布内容',
  `display` tinyint(3) unsigned NOT NULL DEFAULT '0' COMMENT '可见性',
  `reply` tinyint(3) unsigned NOT NULL DEFAULT '0' COMMENT '是否允许回复',
  `check` tinyint(3) unsigned NOT NULL DEFAULT '0' COMMENT '发布的文章是否需要审核',
  `reply_model` varchar(100) NOT NULL DEFAULT '',
  `extend` text COMMENT '扩展设置',
  `create_time` int(10) unsigned NOT NULL DEFAULT '0' COMMENT '创建时间',
  `update_time` int(10) unsigned NOT NULL DEFAULT '0' COMMENT '更新时间',
  `status` tinyint(4) NOT NULL DEFAULT '0' COMMENT '数据状态',
  `icon` int(50) unsigned NOT NULL DEFAULT '0' COMMENT 'icon图标',
  PRIMARY KEY (`id`),
  UNIQUE KEY `uk_name` (`name`),
  KEY `pid` (`pid`)
) ENGINE=MyISAM AUTO_INCREMENT=50 DEFAULT CHARSET=utf8 COMMENT='分类表';

-- -----------------------------
-- Records of `twothink_category`
-- -----------------------------
INSERT INTO `twothink_category` VALUES ('1', 'blog', '博客', '0', '0', '10', '', '', '', '', '', '', '', '1', '1', '1', '0', '0', '1', '0', '0', '1', '1', '1379474947', '1479652571', '1', '0');
INSERT INTO `twothink_category` VALUES ('2', 'default_blog', '默认分类', '1', '1', '10', '', '', '', '', '', '', '', '2,3', '2,3', '1', '0', '1', '1', '0', '0', '1', '1', '1379475028', '1479652626', '1', '0');

-- -----------------------------
-- Table structure for `twothink_channel`
-- -----------------------------
DROP TABLE IF EXISTS `twothink_channel`;
CREATE TABLE `twothink_channel` (
  `id` int(10) unsigned NOT NULL AUTO_INCREMENT COMMENT '频道ID',
  `pid` int(10) unsigned NOT NULL DEFAULT '0' COMMENT '上级频道ID',
  `title` char(30) NOT NULL COMMENT '频道标题',
  `url` char(100) NOT NULL COMMENT '频道连接',
  `sort` int(10) unsigned NOT NULL DEFAULT '0' COMMENT '导航排序',
  `create_time` int(10) unsigned NOT NULL DEFAULT '0' COMMENT '创建时间',
  `update_time` int(10) unsigned NOT NULL DEFAULT '0' COMMENT '更新时间',
  `status` tinyint(4) NOT NULL DEFAULT '0' COMMENT '状态',
  `target` tinyint(2) unsigned NOT NULL DEFAULT '0' COMMENT '新窗口打开',
  PRIMARY KEY (`id`),
  KEY `pid` (`pid`)
) ENGINE=MyISAM AUTO_INCREMENT=9 DEFAULT CHARSET=utf8;

-- -----------------------------
-- Records of `twothink_channel`
-- -----------------------------
INSERT INTO `twothink_channel` VALUES ('1', '0', '首页', 'Index/index', '1', '1379475111', '1379923177', '1', '0');
INSERT INTO `twothink_channel` VALUES ('2', '0', '博客', 'Article/index?category=blog', '3', '1379475131', '1379483713', '1', '0');
INSERT INTO `twothink_channel` VALUES ('3', '0', '官网', 'http://www.twothink.cn', '2', '1379475154', '1387163458', '1', '0');

-- -----------------------------
-- Table structure for `twothink_config`
-- -----------------------------
DROP TABLE IF EXISTS `twothink_config`;
CREATE TABLE `twothink_config` (
  `id` int(10) unsigned NOT NULL AUTO_INCREMENT COMMENT '配置ID',
  `name` varchar(30) NOT NULL DEFAULT '' COMMENT '配置名称',
  `type` tinyint(3) unsigned NOT NULL DEFAULT '0' COMMENT '配置类型',
  `title` varchar(50) NOT NULL DEFAULT '' COMMENT '配置说明',
  `group` tinyint(3) unsigned NOT NULL DEFAULT '0' COMMENT '配置分组',
  `extra` varchar(255) NOT NULL DEFAULT '' COMMENT '配置值',
  `remark` varchar(100) NOT NULL DEFAULT '' COMMENT '配置说明',
  `create_time` int(10) unsigned NOT NULL DEFAULT '0' COMMENT '创建时间',
  `update_time` int(10) unsigned NOT NULL DEFAULT '0' COMMENT '更新时间',
  `status` tinyint(4) NOT NULL DEFAULT '0' COMMENT '状态',
  `value` text COMMENT '配置值',
  `sort` smallint(3) unsigned NOT NULL DEFAULT '0' COMMENT '排序',
  PRIMARY KEY (`id`),
  UNIQUE KEY `uk_name` (`name`),
  KEY `type` (`type`),
  KEY `group` (`group`)
) ENGINE=MyISAM AUTO_INCREMENT=42 DEFAULT CHARSET=utf8;

-- -----------------------------
-- Records of `twothink_config`
-- -----------------------------
INSERT INTO `twothink_config` VALUES ('1', 'web_site_title', '1', '网站标题', '1', '', '网站标题前台显示标题', '1378898976', '1379235274', '1', 'TwoThink内容管理框架', '1');
INSERT INTO `twothink_config` VALUES ('2', 'web_site_description', '2', '网站描述', '1', '', '网站搜索引擎描述', '1378898976', '1379235841', '1', 'TwoThink内容管理框架', '2');
INSERT INTO `twothink_config` VALUES ('3', 'web_site_keyword', '2', '网站关键字', '1', '', '网站搜索引擎关键字', '1378898976', '1381390100', '1', 'ThinkPHP,TwoThink', '3');
INSERT INTO `twothink_config` VALUES ('4', 'web_site_close', '4', '关闭站点', '1', '0:关闭,1:开启', '站点关闭后其他用户不能访问，管理员可以正常访问', '1378898976', '1379235296', '1', '1', '4');
INSERT INTO `twothink_config` VALUES ('9', 'config_type_list', '3', '配置类型列表', '4', '', '主要用于数据解析和页面表单的生成', '1378898976', '1379235348', '1', '0:数字\r\n1:字符\r\n2:文本\r\n3:数组\r\n4:枚举', '4');
INSERT INTO `twothink_config` VALUES ('10', 'web_site_icp', '1', '网站备案号', '1', '', '设置在网站底部显示的备案号，如“沪ICP备12007941号-2', '1378900335', '1379235859', '1', '', '5');
INSERT INTO `twothink_config` VALUES ('11', 'document_position', '3', '文档推荐位', '2', '', '文档推荐位，推荐到多个位置KEY值相加即可', '1379053380', '1379235329', '1', '1:列表推荐\r\n2:频道推荐\r\n4:首页推荐', '7');
INSERT INTO `twothink_config` VALUES ('12', 'document_display', '3', '文档可见性', '2', '', '文章可见性仅影响前台显示，后台不收影响', '1379056370', '1379235322', '1', '0:所有人可见\r\n1:仅注册会员可见\r\n2:仅管理员可见', '11');
INSERT INTO `twothink_config` VALUES ('13', 'color_style', '4', '后台色系', '1', 'default_color:默认\r\nblue_color:紫罗兰', '后台颜色风格仅对默认主题有效', '1379122533', '1479986226', '1', 'default_color', '8');
INSERT INTO `twothink_config` VALUES ('20', 'config_group_list', '3', '配置分组', '4', '', '配置分组', '1379228036', '1384418383', '1', '1:基本\r\n2:内容\r\n3:用户\r\n4:系统', '12');
INSERT INTO `twothink_config` VALUES ('21', 'hooks_type', '3', '钩子的类型', '4', '', '类型 1-用于扩展显示内容，2-用于扩展业务处理', '1379313397', '1379313407', '1', '1:视图\r\n2:控制器', '16');
INSERT INTO `twothink_config` VALUES ('22', 'auth_config', '3', 'Auth配置', '4', '', '自定义Auth.class.php类配置', '1379409310', '1379409564', '1', 'auth_on:1\r\nauth_type:2', '22');
INSERT INTO `twothink_config` VALUES ('23', 'open_draftbox', '4', '是否开启草稿功能', '2', '0:关闭草稿功能\r\n1:开启草稿功能\r\n', '新增文章时的草稿功能配置', '1379484332', '1379484591', '1', '1', '2');
INSERT INTO `twothink_config` VALUES ('24', 'draft_aotosave_interval', '0', '自动保存草稿时间', '2', '', '自动保存草稿的时间间隔，单位：秒', '1379484574', '1386143323', '1', '60', '5');
INSERT INTO `twothink_config` VALUES ('25', 'list_rows', '0', '后台每页记录数', '2', '', '后台数据每页显示记录数', '1379503896', '1380427745', '1', '10', '27');
INSERT INTO `twothink_config` VALUES ('26', 'user_allow_register', '4', '是否允许用户注册', '3', '0:关闭注册\r\n1:允许注册', '是否开放用户注册', '1379504487', '1379504580', '1', '1', '8');
INSERT INTO `twothink_config` VALUES ('27', 'codemirror_theme', '4', '预览插件的CodeMirror主题', '4', '3024-day:3024 day\r\n3024-night:3024 night\r\nambiance:ambiance\r\nbase16-dark:base16 dark\r\nbase16-light:base16 light\r\nblackboard:blackboard\r\ncobalt:cobalt\r\neclipse:eclipse\r\nelegant:elegant\r\nerlang-dark:erlang-dark\r\nlesser-dark:lesser-dark\r\nmidnight:midnight', '详情见CodeMirror官网', '1379814385', '1384740813', '1', 'ambiance', '9');
INSERT INTO `twothink_config` VALUES ('28', 'data_backup_path', '1', '数据库备份根路径', '4', '', '路径必须以 / 结尾', '1381482411', '1381482411', '1', './static/data/', '14');
INSERT INTO `twothink_config` VALUES ('29', 'data_backup_part_size', '0', '数据库备份卷大小', '4', '', '该值用于限制压缩后的分卷最大长度。单位：B；建议设置20M', '1381482488', '1381729564', '1', '20971520', '19');
INSERT INTO `twothink_config` VALUES ('30', 'data_backup_compress', '4', '数据库备份文件是否启用压缩', '4', '0:不压缩\r\n1:启用压缩', '压缩备份文件需要PHP环境支持gzopen,gzwrite函数', '1381713345', '1381729544', '1', '1', '24');
INSERT INTO `twothink_config` VALUES ('31', 'data_backup_compress_level', '4', '数据库备份文件压缩级别', '4', '1:普通\r\n4:一般\r\n9:最高', '数据库备份文件的压缩级别，该配置在开启压缩时生效', '1381713408', '1381713408', '1', '9', '29');
INSERT INTO `twothink_config` VALUES ('32', 'develop_mode', '4', '开启开发者模式', '4', '0:关闭\r\n1:开启', '是否开启开发者模式', '1383105995', '1383291877', '1', '1', '30');
INSERT INTO `twothink_config` VALUES ('33', 'allow_visit', '3', '不受限控制器方法', '0', '', '', '1386644047', '1386644741', '1', '0:article/draftbox\r\n1:article/mydocument\r\n2:Category/tree\r\n3:Index/verify\r\n4:file/upload\r\n5:file/download\r\n6:user/updatePassword\r\n7:user/updateNickname\r\n8:user/submitPassword\r\n9:user/submitNickname\r\n10:file/uploadpicture', '6');
INSERT INTO `twothink_config` VALUES ('34', 'deny_visit', '3', '超管专限控制器方法', '0', '', '仅超级管理员可访问的控制器方法', '1386644141', '1386644659', '1', '0:Addons/addhook\r\n1:Addons/edithook\r\n2:Addons/delhook\r\n3:Addons/updateHook\r\n4:Admin/getMenus\r\n5:Admin/recordList\r\n6:AuthManager/updateRules\r\n7:AuthManager/tree', '10');
INSERT INTO `twothink_config` VALUES ('35', 'reply_list_rows', '0', '回复列表每页条数', '2', '', '', '1386645376', '1387178083', '1', '10', '13');
INSERT INTO `twothink_config` VALUES ('36', 'admin_allow_ip', '2', '后台允许访问IP', '4', '', '多个用逗号分隔，如果不配置表示不限制IP访问', '1387165454', '1387165553', '1', '', '31');
INSERT INTO `twothink_config` VALUES ('37', 'app_trace', '4', '是否显示页面Trace', '4', '0:关闭\r\n1:开启', '是否显示页面Trace信息', '1387165685', '1387165685', '1', '0', '3');
INSERT INTO `twothink_config` VALUES ('38', 'app_debug', '4', '应用调试模式', '4', '0:关闭\r\n1:开启', '网站正式部署建议关闭', '1478522232', '1478522395', '1', '1', '15');
INSERT INTO `twothink_config` VALUES ('40', 'admin_view_path', '4', '后台模板主题', '1', 'default:默认 ', '添加主题请在配置管理添加', '1479986058', '1479991430', '1', 'default', '6');
INSERT INTO `twothink_config` VALUES ('41', 'home_view_path', '4', '前台模板主题', '1', 'default:默认', '添加主题请在配置管理添加', '1479986147', '1479991437', '1', 'default', '7');

-- -----------------------------
-- Table structure for `twothink_document`
-- -----------------------------
DROP TABLE IF EXISTS `twothink_document`;
CREATE TABLE `twothink_document` (
  `id` int(10) unsigned NOT NULL AUTO_INCREMENT COMMENT '文档ID',
  `uid` int(10) unsigned NOT NULL DEFAULT '0' COMMENT '用户ID',
  `name` char(40) NOT NULL DEFAULT '' COMMENT '标识',
  `title` char(80) NOT NULL DEFAULT '' COMMENT '标题',
  `category_id` int(10) unsigned NOT NULL COMMENT '所属分类',
  `group_id` smallint(3) unsigned DEFAULT NULL COMMENT '所属分组',
  `description` char(140) NOT NULL DEFAULT '' COMMENT '描述',
  `root` int(10) unsigned NOT NULL DEFAULT '0' COMMENT '根节点',
  `pid` int(10) unsigned NOT NULL DEFAULT '0' COMMENT '所属ID',
  `model_id` tinyint(3) unsigned NOT NULL DEFAULT '0' COMMENT '内容模型ID',
  `type` tinyint(3) unsigned NOT NULL DEFAULT '2' COMMENT '内容类型',
  `position` smallint(5) unsigned NOT NULL DEFAULT '0' COMMENT '推荐位',
  `link_id` int(10) unsigned NOT NULL DEFAULT '0' COMMENT '外链',
  `cover_id` int(10) unsigned NOT NULL DEFAULT '0' COMMENT '封面',
  `display` tinyint(3) unsigned NOT NULL DEFAULT '1' COMMENT '可见性',
  `deadline` int(10) unsigned NOT NULL DEFAULT '0' COMMENT '截至时间',
  `attach` tinyint(3) unsigned NOT NULL DEFAULT '0' COMMENT '附件数量',
  `view` int(10) unsigned NOT NULL DEFAULT '0' COMMENT '浏览量',
  `comment` int(10) unsigned NOT NULL DEFAULT '0' COMMENT '评论数',
  `extend` int(10) unsigned NOT NULL DEFAULT '0' COMMENT '扩展统计字段',
  `level` int(10) NOT NULL DEFAULT '0' COMMENT '优先级',
  `create_time` int(10) unsigned NOT NULL DEFAULT '0' COMMENT '创建时间',
  `update_time` int(10) unsigned NOT NULL DEFAULT '0' COMMENT '更新时间',
  `status` tinyint(4) NOT NULL DEFAULT '0' COMMENT '数据状态',
  `keywords` varchar(40) NOT NULL COMMENT 'Tags关键词',
  PRIMARY KEY (`id`),
  KEY `idx_category_status` (`category_id`,`status`),
  KEY `idx_status_type_pid` (`status`,`uid`,`pid`)
) ENGINE=MyISAM AUTO_INCREMENT=1 DEFAULT CHARSET=utf8 COMMENT='文档模型基础表';

-- -----------------------------
-- Records of `twothink_document`
-- -----------------------------
INSERT INTO `twothink_document` VALUES ('1', '1', '', 'TwoThink2.0正式版', '2', '0', '期待已久的TwoThink最新版发布', '0', '0', '2', '2', '0', '0', '0', '1', '0', '0', '119', '0', '0', '1', '1487091120', '1504710688', '1', '');

-- -----------------------------
-- Table structure for `twothink_document_article`
-- -----------------------------
DROP TABLE IF EXISTS `twothink_document_article`;
CREATE TABLE `twothink_document_article` (
  `id` int(10) unsigned NOT NULL DEFAULT '0' COMMENT '文档ID',
  `parse` tinyint(3) unsigned NOT NULL DEFAULT '0' COMMENT '内容解析类型',
  `content` text NOT NULL COMMENT '文章内容',
  `template` varchar(100) NOT NULL DEFAULT '' COMMENT '详情页显示模板',
  `bookmark` int(10) unsigned NOT NULL DEFAULT '0' COMMENT '收藏数',
  PRIMARY KEY (`id`)
) ENGINE=MyISAM DEFAULT CHARSET=utf8 COMMENT='文档模型文章表';

-- -----------------------------
-- Records of `twothink_document_article`
-- -----------------------------
INSERT INTO `twothink_document_article` VALUES ('1', '0', '<h1>TwoThink2.0正式版<br/></h1><p><br/></p><p><strong>TwoThink是一个开源的内容管理框架,借鉴Onethink系统重构开发的ThinkPHP5.0.10版本开发，提供更方便、更安全的WEB应用开发体验，采用了全新的架构设计和命名空间机制，融合了模块化、驱动化和插件化的设计理念于一体，开启了国内WEB应用傻瓜式开发的新潮流。&nbsp;</strong> </p><h2>主要特性：</h2><p>1. 基于ThinkPHP最新5.0.10版本。</p><p>2. 模块化：全新的架构和模块化的开发机制，便于灵活扩展和二次开发。&nbsp;</p><p>3. 文档模型/分类体系：通过和文档模型绑定，以及不同的文档类型，不同分类可以实现差异化的功能，轻松实现诸如资讯、下载、讨论和图片等功能。</p><p>4. 开源免费：TwoThink遵循Apache2开源协议,免费提供使用。&nbsp;</p><p>5. 用户行为：支持自定义用户行为，可以对单个用户或者群体用户的行为进行记录及分享，为您的运营决策提供有效参考数据。</p><p>6. 云端部署：通过驱动的方式可以轻松支持平台的部署，让您的网站无缝迁移，内置已经支持SAE和BAE3.0。</p><p>7. 云服务支持：即将启动支持云存储、云安全、云过滤和云统计等服务，更多贴心的服务让您的网站更安心。</p><p>8. 安全稳健：提供稳健的安全策略，包括备份恢复、容错、防止恶意攻击登录，网页防篡改等多项安全管理功能，保证系统安全，可靠、稳定的运行。&nbsp;</p><p>9. 应用仓库：官方应用仓库拥有大量来自第三方插件和应用模块、模板主题，有众多来自开源社区的贡献，让您的网站完美无缺。&nbsp;</p><p><br/></p><p><strong>&nbsp;TwoThink集成了一个完善的后台管理体系和前台模板标签系统，让你轻松管理数据和进行前台网站的标签式开发。&nbsp;</strong> </p><p><br/></p><h2>后台主要功能：</h2><p>1. 用户Passport系统</p><p>2. 配置管理系统&nbsp;</p><p>3. 权限控制系统</p><p>4. 后台建模系统&nbsp;</p><p>5. 多级分类系统&nbsp;</p><p>6. 用户行为系统&nbsp;</p><p>7. 钩子和插件系统</p><p>8. 系统日志系统&nbsp;</p><p>9. 数据备份和还原</p><p><br/></p><p><br/></p><p><strong>TwoThink开发团队 2017.2.15</strong> </p>', '', '0');

-- -----------------------------
-- Table structure for `twothink_document_download`
-- -----------------------------
DROP TABLE IF EXISTS `twothink_document_download`;
CREATE TABLE `twothink_document_download` (
  `id` int(10) unsigned NOT NULL DEFAULT '0' COMMENT '文档ID',
  `parse` tinyint(3) unsigned NOT NULL DEFAULT '0' COMMENT '内容解析类型',
  `content` text NOT NULL COMMENT '下载详细描述',
  `template` varchar(100) NOT NULL DEFAULT '' COMMENT '详情页显示模板',
  `file_id` int(10) unsigned NOT NULL DEFAULT '0' COMMENT '文件ID',
  `download` int(10) unsigned NOT NULL DEFAULT '0' COMMENT '下载次数',
  `size` bigint(20) unsigned NOT NULL DEFAULT '0' COMMENT '文件大小',
  `score` mediumint(8) unsigned NOT NULL DEFAULT '0' COMMENT '下载积分',
  PRIMARY KEY (`id`)
) ENGINE=MyISAM DEFAULT CHARSET=utf8 COMMENT='文档模型下载表';

-- -----------------------------
-- Records of `twothink_document_download`
-- -----------------------------
INSERT INTO `twothink_document_download` VALUES ('0', '0', '11', '', '1', '0', '239', '0');
INSERT INTO `twothink_document_download` VALUES ('67', '0', '11', '', '1', '0', '239', '0');

-- -----------------------------
-- Table structure for `twothink_file`
-- -----------------------------
DROP TABLE IF EXISTS `twothink_file`;
CREATE TABLE `twothink_file` (
  `id` int(10) unsigned NOT NULL AUTO_INCREMENT COMMENT '文件ID',
  `name` char(30) NOT NULL DEFAULT '' COMMENT '原始文件名',
  `savename` char(50) NOT NULL DEFAULT '' COMMENT '保存名称',
  `savepath` char(30) NOT NULL DEFAULT '' COMMENT '文件保存路径',
  `ext` char(5) NOT NULL DEFAULT '' COMMENT '文件后缀',
  `mime` char(40) NOT NULL DEFAULT '' COMMENT '文件mime类型',
  `size` int(10) unsigned NOT NULL DEFAULT '0' COMMENT '文件大小',
  `md5` char(32) NOT NULL DEFAULT '' COMMENT '文件md5',
  `sha1` char(40) NOT NULL DEFAULT '' COMMENT '文件 sha1编码',
  `location` tinyint(3) unsigned NOT NULL DEFAULT '0' COMMENT '文件保存位置',
  `url` varchar(255) NOT NULL DEFAULT '' COMMENT '远程地址',
  `create_time` int(10) unsigned NOT NULL DEFAULT '0' COMMENT '上传时间',
  PRIMARY KEY (`id`),
  UNIQUE KEY `uk_md5` (`md5`)
) ENGINE=MyISAM DEFAULT CHARSET=utf8 COMMENT='文件表';


-- -----------------------------
-- Table structure for `twothink_hooks`
-- -----------------------------
DROP TABLE IF EXISTS `twothink_hooks`;
CREATE TABLE `twothink_hooks` (
  `id` int(10) unsigned NOT NULL AUTO_INCREMENT COMMENT '主键',
  `name` varchar(40) NOT NULL DEFAULT '' COMMENT '钩子名称',
  `description` text COMMENT '描述',
  `type` tinyint(1) unsigned NOT NULL DEFAULT '1' COMMENT '类型',
  `update_time` int(10) unsigned NOT NULL DEFAULT '0' COMMENT '更新时间',
  `addons` varchar(255) NOT NULL DEFAULT '' COMMENT '钩子挂载的插件 ''，''分割',
  `status` tinyint(1) unsigned NOT NULL DEFAULT '1',
  PRIMARY KEY (`id`),
  UNIQUE KEY `name` (`name`)
) ENGINE=MyISAM AUTO_INCREMENT=18 DEFAULT CHARSET=utf8;

-- -----------------------------
-- Records of `twothink_hooks`
-- -----------------------------
INSERT INTO `twothink_hooks` VALUES ('1', 'pageHeader', '页面header钩子，一般用于加载插件CSS文件和代码', '1', '0', '', '1');
INSERT INTO `twothink_hooks` VALUES ('2', 'pageFooter', '页面footer钩子，一般用于加载插件JS文件和JS代码', '1', '0', '', '1');
INSERT INTO `twothink_hooks` VALUES ('3', 'documentEditForm', '添加编辑表单的 扩展内容钩子', '1', '0', '', '1');
INSERT INTO `twothink_hooks` VALUES ('4', 'documentDetailAfter', '文档末尾显示', '1', '0', '', '1');
INSERT INTO `twothink_hooks` VALUES ('5', 'documentDetailBefore', '页面内容前显示用钩子', '1', '0', '', '1');
INSERT INTO `twothink_hooks` VALUES ('6', 'documentSaveComplete', '保存文档数据后的扩展钩子', '2', '0', '', '1');
INSERT INTO `twothink_hooks` VALUES ('7', 'documentEditFormContent', '添加编辑表单的内容显示钩子', '1', '0', 'editor', '1');
INSERT INTO `twothink_hooks` VALUES ('8', 'adminArticleEdit', '后台内容编辑页编辑器', '1', '1378982734', 'editorforadmin', '1');
INSERT INTO `twothink_hooks` VALUES ('13', 'AdminIndex', '首页小格子个性化显示', '1', '1479394250', 'sitestat,systeminfo,devteam', '1');
INSERT INTO `twothink_hooks` VALUES ('14', 'topicComment', '评论提交方式扩展钩子。', '1', '1380163518', 'editor', '1');
INSERT INTO `twothink_hooks` VALUES ('16', 'app_begin', '应用开始', '2', '1384481614', '', '1');
INSERT INTO `twothink_hooks` VALUES ('17', 'webuploader', '百度图片上传', '1', '1504709872', 'webuploader', '1');

-- -----------------------------
-- Table structure for `twothink_member`
-- -----------------------------
DROP TABLE IF EXISTS `twothink_member`;
CREATE TABLE `twothink_member` (
  `uid` int(10) unsigned NOT NULL AUTO_INCREMENT COMMENT '用户ID',
  `nickname` char(16) NOT NULL DEFAULT '' COMMENT '昵称',
  `sex` tinyint(3) unsigned NOT NULL DEFAULT '0' COMMENT '性别',
  `birthday` char(10) NOT NULL DEFAULT '0000-00-00' COMMENT '生日',
  `qq` char(10) NOT NULL DEFAULT '' COMMENT 'qq号',
  `score` mediumint(8) NOT NULL DEFAULT '0' COMMENT '用户积分',
  `login` int(10) unsigned NOT NULL DEFAULT '0' COMMENT '登录次数',
  `reg_ip` bigint(20) NOT NULL DEFAULT '0' COMMENT '注册IP',
  `reg_time` int(10) unsigned NOT NULL DEFAULT '0' COMMENT '注册时间',
  `last_login_ip` bigint(20) NOT NULL DEFAULT '0' COMMENT '最后登录IP',
  `last_login_time` int(10) unsigned NOT NULL DEFAULT '0' COMMENT '最后登录时间',
  `status` tinyint(4) NOT NULL DEFAULT '0' COMMENT '会员状态',
  PRIMARY KEY (`uid`),
  KEY `status` (`status`)
) ENGINE=MyISAM DEFAULT CHARSET=utf8 COMMENT='会员表';

-- -----------------------------
-- Table structure for `twothink_menu`
-- -----------------------------
DROP TABLE IF EXISTS `twothink_menu`;
CREATE TABLE `twothink_menu` (
  `id` int(10) unsigned NOT NULL AUTO_INCREMENT COMMENT '文档ID',
  `module` varchar(10) NOT NULL DEFAULT 'admin' COMMENT '模块',
  `title` varchar(50) NOT NULL DEFAULT '' COMMENT '标题',
  `icon` varchar(50) NOT NULL DEFAULT '' COMMENT 'icon图标',
  `pid` int(10) unsigned NOT NULL DEFAULT '0' COMMENT '上级分类ID',
  `sort` int(10) unsigned NOT NULL DEFAULT '0' COMMENT '排序（同级有效）',
  `url` char(255) NOT NULL DEFAULT '' COMMENT '链接地址',
  `hide` tinyint(1) unsigned NOT NULL DEFAULT '0' COMMENT '是否隐藏',
  `tip` varchar(255) NOT NULL DEFAULT '' COMMENT '提示',
  `is_menu` tinyint(1) NOT NULL DEFAULT '1' COMMENT '是否菜单0否1是',
  `is_dev` tinyint(1) unsigned NOT NULL DEFAULT '0' COMMENT '是否仅开发者模式可见',
  `status` tinyint(1) NOT NULL DEFAULT '0' COMMENT '状态',
  PRIMARY KEY (`id`),
  KEY `pid` (`pid`),
  KEY `status` (`status`)
) ENGINE=MyISAM AUTO_INCREMENT=134 DEFAULT CHARSET=utf8;

-- -----------------------------
-- Records of `twothink_menu`
-- -----------------------------
INSERT INTO `twothink_menu` VALUES ('1', 'admin', '首页', 'glyphicon glyphicon-home', '0', '0', 'Index/index', '0', '', '1', '0', '1');
INSERT INTO `twothink_menu` VALUES ('2', 'admin', '内容', 'glyphicon glyphicon-th-large', '0', '1', 'Article/index', '0', '', '1', '0', '1');
INSERT INTO `twothink_menu` VALUES ('3', 'admin', '文档列表', '', '2', '0', 'article/index', '1', '', '1', '0', '1');
INSERT INTO `twothink_menu` VALUES ('4', 'admin', '新增', '', '3', '0', 'article/add', '0', '', '0', '0', '1');
INSERT INTO `twothink_menu` VALUES ('5', 'admin', '编辑', '', '3', '0', 'article/edit', '0', '', '0', '0', '1');
INSERT INTO `twothink_menu` VALUES ('6', 'admin', '改变状态', '', '3', '0', 'article/setStatus', '0', '', '0', '0', '1');
INSERT INTO `twothink_menu` VALUES ('7', 'admin', '保存', '', '3', '0', 'article/update', '0', '', '0', '0', '1');
INSERT INTO `twothink_menu` VALUES ('8', 'admin', '保存草稿', '', '3', '0', 'article/autoSave', '0', '', '1', '0', '1');
INSERT INTO `twothink_menu` VALUES ('9', 'admin', '移动', '', '3', '0', 'article/move', '0', '', '0', '0', '1');
INSERT INTO `twothink_menu` VALUES ('10', 'admin', '复制', '', '3', '0', 'article/copy', '0', '', '0', '0', '1');
INSERT INTO `twothink_menu` VALUES ('11', 'admin', '粘贴', '', '3', '0', 'article/paste', '0', '', '0', '0', '1');
INSERT INTO `twothink_menu` VALUES ('12', 'admin', '导入', '', '3', '0', 'article/batchOperate', '0', '', '0', '0', '1');
INSERT INTO `twothink_menu` VALUES ('13', 'admin', '回收站', 'fa fa-trash', '2', '0', 'article/recycle', '0', '', '1', '0', '1');
INSERT INTO `twothink_menu` VALUES ('14', 'admin', '还原', '', '13', '0', 'article/permit', '0', '', '0', '0', '1');
INSERT INTO `twothink_menu` VALUES ('15', 'admin', '清空', '', '13', '0', 'article/clear', '0', '', '0', '0', '1');
INSERT INTO `twothink_menu` VALUES ('16', 'admin', '用户', 'glyphicon glyphicon-user', '0', '2', 'User/index', '0', '', '1', '0', '1');
INSERT INTO `twothink_menu` VALUES ('17', 'admin', '用户信息', 'glyphicon glyphicon-user', '129', '0', 'User/index', '0', '', '1', '0', '1');
INSERT INTO `twothink_menu` VALUES ('18', 'admin', '新增用户', '', '17', '2', 'User/add', '0', '添加新用户', '0', '0', '1');
INSERT INTO `twothink_menu` VALUES ('19', 'admin', '用户行为', 'fa fa-user-secret', '130', '0', 'User/action', '0', '', '1', '0', '1');
INSERT INTO `twothink_menu` VALUES ('20', 'admin', '新增用户行为', '', '19', '0', 'User/addaction', '0', '', '0', '0', '1');
INSERT INTO `twothink_menu` VALUES ('21', 'admin', '编辑用户行为', '', '19', '0', 'User/editaction', '0', '', '0', '0', '1');
INSERT INTO `twothink_menu` VALUES ('22', 'admin', '保存用户行为', '', '19', '0', 'User/saveAction', '0', '', '0', '0', '1');
INSERT INTO `twothink_menu` VALUES ('23', 'admin', '变更行为状态', '', '19', '0', 'User/setStatus', '0', '', '0', '0', '1');
INSERT INTO `twothink_menu` VALUES ('24', 'admin', '禁用会员', '', '19', '0', 'User/changeStatus?method=forbidUser', '0', '', '0', '0', '1');
INSERT INTO `twothink_menu` VALUES ('25', 'admin', '启用会员', '', '19', '0', 'User/changeStatus?method=resumeUser', '0', '', '0', '0', '1');
INSERT INTO `twothink_menu` VALUES ('26', 'admin', '删除会员', '', '19', '0', 'User/changeStatus?method=deleteUser', '0', '', '0', '0', '1');
INSERT INTO `twothink_menu` VALUES ('27', 'admin', '权限管理', 'fa fa-group', '129', '1', 'AuthManager/index', '0', '', '1', '0', '1');
INSERT INTO `twothink_menu` VALUES ('28', 'admin', '删除', '', '27', '0', 'AuthManager/changeStatus?method=deleteGroup', '0', '删除用户组', '0', '0', '1');
INSERT INTO `twothink_menu` VALUES ('29', 'admin', '禁用', '', '27', '0', 'AuthManager/changeStatus?method=forbidGroup', '0', '禁用用户组', '0', '0', '1');
INSERT INTO `twothink_menu` VALUES ('30', 'admin', '恢复', '', '27', '0', 'AuthManager/changeStatus?method=resumeGroup', '0', '恢复已禁用的用户组', '0', '0', '1');
INSERT INTO `twothink_menu` VALUES ('31', 'admin', '新增', '', '27', '0', 'AuthManager/createGroup', '0', '创建新的用户组', '0', '0', '1');
INSERT INTO `twothink_menu` VALUES ('32', 'admin', '编辑', '', '27', '0', 'AuthManager/editGroup', '0', '编辑用户组名称和描述', '0', '0', '1');
INSERT INTO `twothink_menu` VALUES ('33', 'admin', '保存用户组', '', '27', '0', 'AuthManager/writeGroup', '0', '新增和编辑用户组的', '0', '0', '1');
INSERT INTO `twothink_menu` VALUES ('34', 'admin', '授权', '', '27', '0', 'AuthManager/group', '0', '', '0', '0', '1');
INSERT INTO `twothink_menu` VALUES ('35', 'admin', '访问授权', '', '27', '0', 'AuthManager/access', '0', '', '0', '0', '1');
INSERT INTO `twothink_menu` VALUES ('36', 'admin', '成员授权', '', '27', '0', 'AuthManager/user', '0', '', '0', '0', '1');
INSERT INTO `twothink_menu` VALUES ('37', 'admin', '解除授权', '', '27', '0', 'AuthManager/removeFromGroup', '0', '', '0', '0', '1');
INSERT INTO `twothink_menu` VALUES ('38', 'admin', '保存成员授权', '', '27', '0', 'AuthManager/addToGroup', '0', '', '0', '0', '1');
INSERT INTO `twothink_menu` VALUES ('39', 'admin', '分类授权', '', '27', '0', 'AuthManager/category', '0', '', '0', '0', '1');
INSERT INTO `twothink_menu` VALUES ('40', 'admin', '保存分类授权', '', '27', '0', 'AuthManager/addToCategory', '0', '', '0', '0', '1');
INSERT INTO `twothink_menu` VALUES ('41', 'admin', '模型授权', '', '27', '0', 'AuthManager/modelauth', '0', '', '0', '0', '1');
INSERT INTO `twothink_menu` VALUES ('42', 'admin', '保存模型授权', '', '27', '0', 'AuthManager/addToModel', '0', '', '0', '0', '1');
INSERT INTO `twothink_menu` VALUES ('43', 'admin', '扩展', 'glyphicon glyphicon-th', '0', '5', 'Addons/index', '0', '', '1', '0', '1');
INSERT INTO `twothink_menu` VALUES ('44', 'admin', '插件管理', 'fa fa-paper-plane-o', '133', '0', 'Addons/index', '0', '', '1', '0', '1');
INSERT INTO `twothink_menu` VALUES ('45', 'admin', '创建', '', '44', '0', 'Addons/create', '0', '服务器上创建插件结构向导', '0', '0', '1');
INSERT INTO `twothink_menu` VALUES ('46', 'admin', '检测创建', '', '44', '0', 'Addons/checkForm', '0', '检测插件是否可以创建', '0', '0', '1');
INSERT INTO `twothink_menu` VALUES ('47', 'admin', '预览', '', '44', '0', 'Addons/preview', '0', '预览插件定义类文件', '0', '0', '1');
INSERT INTO `twothink_menu` VALUES ('48', 'admin', '快速生成插件', '', '44', '0', 'Addons/build', '0', '开始生成插件结构', '0', '0', '1');
INSERT INTO `twothink_menu` VALUES ('49', 'admin', '设置', '', '44', '0', 'Addons/config', '0', '设置插件配置', '0', '0', '1');
INSERT INTO `twothink_menu` VALUES ('50', 'admin', '禁用', '', '44', '0', 'Addons/disable', '0', '禁用插件', '0', '0', '1');
INSERT INTO `twothink_menu` VALUES ('51', 'admin', '启用', '', '44', '0', 'Addons/enable', '0', '启用插件', '0', '0', '1');
INSERT INTO `twothink_menu` VALUES ('52', 'admin', '安装', '', '44', '0', 'Addons/install', '0', '安装插件', '0', '0', '1');
INSERT INTO `twothink_menu` VALUES ('53', 'admin', '卸载', '', '44', '0', 'Addons/uninstall', '0', '卸载插件', '0', '0', '1');
INSERT INTO `twothink_menu` VALUES ('54', 'admin', '更新配置', '', '44', '0', 'Addons/saveconfig', '0', '更新插件配置处理', '0', '0', '1');
INSERT INTO `twothink_menu` VALUES ('55', 'admin', '插件后台列表', '', '44', '0', 'Addons/adminList', '0', '', '0', '0', '1');
INSERT INTO `twothink_menu` VALUES ('56', 'admin', 'URL方式访问插件', '', '44', '0', 'Addons/execute', '0', '控制是否有权限通过url访问插件控制器方法', '0', '0', '1');
INSERT INTO `twothink_menu` VALUES ('57', 'admin', '钩子管理', 'fa fa-list-alt', '133', '1', 'Addons/hooks', '0', '', '1', '0', '1');
INSERT INTO `twothink_menu` VALUES ('58', 'admin', '模型管理', 'fa fa-magic', '131', '2', 'Model/index', '0', '', '1', '0', '1');
INSERT INTO `twothink_menu` VALUES ('59', 'admin', '新增', '', '58', '0', 'model/add', '0', '', '0', '0', '1');
INSERT INTO `twothink_menu` VALUES ('60', 'admin', '编辑', '', '58', '0', 'model/edit', '0', '', '0', '0', '1');
INSERT INTO `twothink_menu` VALUES ('61', 'admin', '改变状态', '', '58', '0', 'model/setStatus', '0', '', '0', '0', '1');
INSERT INTO `twothink_menu` VALUES ('62', 'admin', '保存数据', '', '58', '0', 'model/update', '0', '', '0', '0', '1');
INSERT INTO `twothink_menu` VALUES ('63', 'admin', '属性管理', '', '131', '6', 'Attribute/index', '1', '网站属性配置。', '1', '0', '1');
INSERT INTO `twothink_menu` VALUES ('64', 'admin', '新增', '', '63', '0', 'Attribute/add', '0', '', '0', '0', '1');
INSERT INTO `twothink_menu` VALUES ('65', 'admin', '编辑', '', '63', '0', 'Attribute/edit', '0', '', '0', '0', '1');
INSERT INTO `twothink_menu` VALUES ('66', 'admin', '改变状态', '', '63', '0', 'Attribute/setStatus', '0', '', '0', '0', '1');
INSERT INTO `twothink_menu` VALUES ('67', 'admin', '保存数据', '', '63', '0', 'Attribute/update', '0', '', '0', '0', '1');
INSERT INTO `twothink_menu` VALUES ('68', 'admin', '系统', 'glyphicon glyphicon-cog', '0', '3', 'Config/group', '0', '', '1', '0', '1');
INSERT INTO `twothink_menu` VALUES ('69', 'admin', '网站设置', 'fa fa-gears', '131', '0', 'Config/group', '0', '', '1', '0', '1');
INSERT INTO `twothink_menu` VALUES ('70', 'admin', '配置管理', 'fa fa-gear', '131', '3', 'Config/index', '0', '', '1', '0', '1');
INSERT INTO `twothink_menu` VALUES ('71', 'admin', '编辑', '', '70', '0', 'Config/edit', '0', '新增编辑和保存配置', '0', '0', '1');
INSERT INTO `twothink_menu` VALUES ('72', 'admin', '删除', '', '70', '0', 'Config/del', '0', '删除配置', '0', '0', '1');
INSERT INTO `twothink_menu` VALUES ('73', 'admin', '新增', '', '70', '0', 'Config/add', '0', '新增配置', '0', '0', '1');
INSERT INTO `twothink_menu` VALUES ('74', 'admin', '保存', '', '70', '0', 'Config/save', '0', '保存配置', '0', '0', '1');
INSERT INTO `twothink_menu` VALUES ('75', 'admin', '菜单管理', 'fa fa-list-alt', '131', '4', 'Menu/index', '0', '', '1', '0', '1');
INSERT INTO `twothink_menu` VALUES ('76', 'admin', '导航管理', 'fa fa-list', '131', '5', 'Channel/index', '0', '', '1', '0', '1');
INSERT INTO `twothink_menu` VALUES ('77', 'admin', '新增', '', '76', '0', 'Channel/add', '0', '', '0', '0', '1');
INSERT INTO `twothink_menu` VALUES ('78', 'admin', '编辑', '', '76', '0', 'Channel/edit', '0', '', '0', '0', '1');
INSERT INTO `twothink_menu` VALUES ('79', 'admin', '删除', '', '76', '0', 'Channel/del', '0', '', '0', '0', '1');
INSERT INTO `twothink_menu` VALUES ('80', 'admin', '分类管理', 'fa fa-list', '131', '1', 'Category/index', '0', '', '1', '0', '1');
INSERT INTO `twothink_menu` VALUES ('81', 'admin', '编辑', '', '80', '0', 'Category/edit', '0', '编辑和保存栏目分类', '0', '0', '1');
INSERT INTO `twothink_menu` VALUES ('82', 'admin', '新增', '', '80', '0', 'Category/add', '0', '新增栏目分类', '0', '0', '1');
INSERT INTO `twothink_menu` VALUES ('83', 'admin', '删除', '', '80', '0', 'Category/remove', '0', '删除栏目分类', '0', '0', '1');
INSERT INTO `twothink_menu` VALUES ('84', 'admin', '移动', '', '80', '0', 'Category/operate/type/move', '0', '移动栏目分类', '0', '0', '1');
INSERT INTO `twothink_menu` VALUES ('85', 'admin', '合并', '', '80', '0', 'Category/operate/type/merge', '0', '合并栏目分类', '0', '0', '1');
INSERT INTO `twothink_menu` VALUES ('86', 'admin', '备份数据库', 'fa fa-database', '132', '0', 'Database/index?type=export', '0', '', '1', '0', '1');
INSERT INTO `twothink_menu` VALUES ('87', 'admin', '备份', '', '86', '0', 'Database/export', '0', '备份数据库', '0', '0', '1');
INSERT INTO `twothink_menu` VALUES ('88', 'admin', '优化表', '', '86', '0', 'Database/optimize', '0', '优化数据表', '0', '0', '1');
INSERT INTO `twothink_menu` VALUES ('89', 'admin', '修复表', '', '86', '0', 'Database/repair', '0', '修复数据表', '0', '0', '1');
INSERT INTO `twothink_menu` VALUES ('90', 'admin', '还原数据库', 'fa fa-tasks', '132', '1', 'Database/index?type=import', '0', '', '1', '0', '1');
INSERT INTO `twothink_menu` VALUES ('91', 'admin', '恢复', '', '90', '0', 'Database/import', '0', '数据库恢复', '0', '0', '1');
INSERT INTO `twothink_menu` VALUES ('92', 'admin', '删除', '', '90', '0', 'Database/del', '0', '删除备份文件', '0', '0', '1');
INSERT INTO `twothink_menu` VALUES ('93', 'admin', '其他', 'fa fa-list-alt', '0', '4', 'other', '1', '', '1', '0', '1');
INSERT INTO `twothink_menu` VALUES ('96', 'admin', '新增', '', '75', '0', 'Menu/add', '0', '', '0', '0', '1');
INSERT INTO `twothink_menu` VALUES ('98', 'admin', '编辑', '', '75', '0', 'Menu/edit', '0', '', '0', '0', '1');
INSERT INTO `twothink_menu` VALUES ('106', 'admin', '行为日志', 'fa fa-list', '130', '1', 'Action/actionlog', '0', '', '1', '0', '1');
INSERT INTO `twothink_menu` VALUES ('108', 'admin', '修改密码', '', '17', '0', 'User/updatePassword', '1', '', '0', '0', '1');
INSERT INTO `twothink_menu` VALUES ('109', 'admin', '修改昵称', '', '17', '1', 'User/updateNickname', '1', '', '0', '0', '1');
INSERT INTO `twothink_menu` VALUES ('110', 'admin', '查看行为日志', '', '106', '0', 'action/edit', '1', '', '0', '0', '1');
INSERT INTO `twothink_menu` VALUES ('112', 'admin', '新增数据', '', '58', '0', 'think/add', '1', '', '0', '0', '1');
INSERT INTO `twothink_menu` VALUES ('113', 'admin', '编辑数据', '', '58', '0', 'think/edit', '1', '', '0', '0', '1');
INSERT INTO `twothink_menu` VALUES ('114', 'admin', '导入', '', '75', '0', 'Menu/import', '0', '', '0', '0', '1');
INSERT INTO `twothink_menu` VALUES ('115', 'admin', '生成', '', '58', '0', 'Model/generate', '0', '', '0', '0', '1');
INSERT INTO `twothink_menu` VALUES ('116', 'admin', '新增钩子', '', '57', '0', 'Addons/addHook', '0', '', '0', '0', '1');
INSERT INTO `twothink_menu` VALUES ('117', 'admin', '编辑钩子', '', '57', '0', 'Addons/edithook', '0', '', '0', '0', '1');
INSERT INTO `twothink_menu` VALUES ('118', 'admin', '文档排序', '', '3', '0', 'Article/sort', '1', '', '0', '0', '1');
INSERT INTO `twothink_menu` VALUES ('119', 'admin', '排序', '', '70', '0', 'Config/sort', '1', '', '0', '0', '1');
INSERT INTO `twothink_menu` VALUES ('120', 'admin', '排序', '', '75', '0', 'Menu/sort', '1', '', '0', '0', '1');
INSERT INTO `twothink_menu` VALUES ('121', 'admin', '排序', '', '76', '0', 'Channel/sort', '1', '', '0', '0', '1');
INSERT INTO `twothink_menu` VALUES ('122', 'admin', '数据列表', '', '58', '0', 'think/lists', '1', '', '0', '0', '1');
INSERT INTO `twothink_menu` VALUES ('123', 'admin', '审核列表', '', '3', '0', 'Article/examine', '1', '', '0', '0', '1');
INSERT INTO `twothink_menu` VALUES ('129', 'admin', '用户管理', 'fa fa-user', '16', '0', '', '0', '', '1', '0', '1');
INSERT INTO `twothink_menu` VALUES ('130', 'admin', '行为管理', 'fa fa-random', '16', '0', '', '0', '', '1', '0', '1');
INSERT INTO `twothink_menu` VALUES ('131', 'admin', '系统设置', 'fa fa fa-cogs', '68', '0', '', '0', '', '1', '0', '1');
INSERT INTO `twothink_menu` VALUES ('132', 'admin', '数据备份', 'fa fa-database', '68', '0', '', '0', '', '1', '0', '1');
INSERT INTO `twothink_menu` VALUES ('133', 'admin', '扩展管理', 'fa fa-joomla', '43', '0', '', '0', '', '1', '0', '1');

-- -----------------------------
-- Table structure for `twothink_model`
-- -----------------------------
DROP TABLE IF EXISTS `twothink_model`;
CREATE TABLE `twothink_model` (
  `id` int(10) unsigned NOT NULL AUTO_INCREMENT COMMENT '模型ID',
  `name` char(30) NOT NULL DEFAULT '' COMMENT '模型标识',
  `title` char(30) NOT NULL DEFAULT '' COMMENT '模型名称',
  `extend` int(10) unsigned NOT NULL DEFAULT '0' COMMENT '继承的模型',
  `relation` varchar(30) NOT NULL DEFAULT '' COMMENT '继承与被继承模型的关联字段',
  `need_pk` tinyint(1) unsigned NOT NULL DEFAULT '1' COMMENT '新建表时是否需要主键字段',
  `field_sort` text COMMENT '表单字段排序',
  `field_group` varchar(255) NOT NULL DEFAULT '1:基础' COMMENT '字段分组',
  `attribute_list` text COMMENT '属性列表（表的字段）',
  `attribute_alias` varchar(255) NOT NULL DEFAULT '' COMMENT '属性别名定义',
  `template_list` varchar(100) NOT NULL DEFAULT '' COMMENT '列表模板',
  `template_add` varchar(100) NOT NULL DEFAULT '' COMMENT '新增模板',
  `template_edit` varchar(100) NOT NULL DEFAULT '' COMMENT '编辑模板',
  `list_grid` text COMMENT '列表定义',
  `list_row` smallint(2) unsigned NOT NULL DEFAULT '10' COMMENT '列表数据长度',
  `search_key` varchar(50) NOT NULL DEFAULT '' COMMENT '默认搜索字段',
  `search_list` varchar(255) NOT NULL DEFAULT '' COMMENT '高级搜索的字段',
  `create_time` int(10) unsigned NOT NULL DEFAULT '0' COMMENT '创建时间',
  `update_time` int(10) unsigned NOT NULL DEFAULT '0' COMMENT '更新时间',
  `status` tinyint(3) unsigned NOT NULL DEFAULT '0' COMMENT '状态',
  `engine_type` varchar(25) NOT NULL DEFAULT 'MyISAM' COMMENT '数据库引擎',
  PRIMARY KEY (`id`)
) ENGINE=MyISAM AUTO_INCREMENT=25 DEFAULT CHARSET=utf8 COMMENT='文档模型表';

-- -----------------------------
-- Records of `twothink_model`
-- -----------------------------
INSERT INTO `twothink_model` VALUES ('1', 'document', '基础文档', '0', '', '1', '{\"1\":[\"2\",\"290\",\"8\",\"4\",\"3\",\"288\",\"5\",\"9\",\"10\",\"11\",\"12\",\"13\",\"14\",\"16\",\"17\",\"19\",\"20\"]}', '1:基础', '', '', '', '', '', 'id:编号\r\ntitle:标题:[EDIT]\r\ntype:类型\r\nupdate_time:最后更新\r\nstatus:状态\r\nview:浏览\r\nid:操作:[EDIT]|编辑,[DELETE]|删除', '0', '', '', '1383891233', '1479651166', '1', 'MyISAM');
INSERT INTO `twothink_model` VALUES ('2', 'article', '文章', '1', '', '1', '{\"1\":[\"290\",\"3\",\"4\",\"8\",\"24\",\"2\",\"288\",\"5\"],\"2\":[\"9\",\"13\",\"19\",\"10\",\"12\",\"16\",\"17\",\"26\",\"20\",\"14\",\"11\",\"25\"]}', '1:基础,2:扩展', '', '', '', '', '', '', '0', '', '', '1383891243', '1479651207', '1', 'MyISAM');
INSERT INTO `twothink_model` VALUES ('3', 'download', '下载', '1', '', '1', '{\"1\":[\"290\",\"3\",\"2\",\"288\",\"5\",\"289\",\"28\",\"30\",\"32\",\"31\"],\"2\":[\"8\",\"4\",\"13\",\"10\",\"9\",\"12\",\"16\",\"17\",\"19\",\"11\",\"20\",\"14\",\"29\"]}', '1:基础,2:扩展', '', '', '', '', '', '', '0', '', '', '1383891252', '1479964263', '1', 'MyISAM');

-- -----------------------------
-- Table structure for `twothink_picture`
-- -----------------------------
DROP TABLE IF EXISTS `twothink_picture`;
CREATE TABLE `twothink_picture` (
  `id` int(10) unsigned NOT NULL AUTO_INCREMENT COMMENT '主键id自增',
  `path` varchar(255) NOT NULL DEFAULT '' COMMENT '路径',
  `url` varchar(255) NOT NULL DEFAULT '' COMMENT '图片链接',
  `md5` char(32) NOT NULL DEFAULT '' COMMENT '文件md5',
  `sha1` char(40) NOT NULL DEFAULT '' COMMENT '文件 sha1编码',
  `status` tinyint(2) NOT NULL DEFAULT '0' COMMENT '状态',
  `create_time` int(10) unsigned NOT NULL DEFAULT '0' COMMENT '创建时间',
  PRIMARY KEY (`id`)
) ENGINE=MyISAM DEFAULT CHARSET=utf8;


-- -----------------------------
-- Table structure for `twothink_ucenter_admin`
-- -----------------------------
DROP TABLE IF EXISTS `twothink_ucenter_admin`;
CREATE TABLE `twothink_ucenter_admin` (
  `id` int(10) unsigned NOT NULL AUTO_INCREMENT COMMENT '管理员ID',
  `member_id` int(10) unsigned NOT NULL DEFAULT '0' COMMENT '管理员用户ID',
  `status` tinyint(3) unsigned NOT NULL DEFAULT '0' COMMENT '管理员状态',
  PRIMARY KEY (`id`)
) ENGINE=MyISAM DEFAULT CHARSET=utf8 COMMENT='管理员表';


-- -----------------------------
-- Table structure for `twothink_ucenter_app`
-- -----------------------------
DROP TABLE IF EXISTS `twothink_ucenter_app`;
CREATE TABLE `twothink_ucenter_app` (
  `id` int(10) unsigned NOT NULL AUTO_INCREMENT COMMENT '应用ID',
  `title` varchar(30) NOT NULL COMMENT '应用名称',
  `url` varchar(100) NOT NULL COMMENT '应用URL',
  `ip` char(15) NOT NULL DEFAULT '' COMMENT '应用IP',
  `auth_key` varchar(100) NOT NULL DEFAULT '' COMMENT '加密KEY',
  `sys_login` tinyint(1) unsigned NOT NULL DEFAULT '0' COMMENT '同步登陆',
  `allow_ip` varchar(255) NOT NULL DEFAULT '' COMMENT '允许访问的IP',
  `create_time` int(10) unsigned NOT NULL DEFAULT '0' COMMENT '创建时间',
  `update_time` int(10) unsigned NOT NULL DEFAULT '0' COMMENT '更新时间',
  `status` tinyint(4) NOT NULL DEFAULT '0' COMMENT '应用状态',
  PRIMARY KEY (`id`),
  KEY `status` (`status`)
) ENGINE=MyISAM DEFAULT CHARSET=utf8 COMMENT='应用表';


-- -----------------------------
-- Table structure for `twothink_ucenter_member`
-- -----------------------------
DROP TABLE IF EXISTS `twothink_ucenter_member`;
CREATE TABLE `twothink_ucenter_member` (
  `id` int(10) unsigned NOT NULL AUTO_INCREMENT COMMENT '用户ID',
  `username` char(16) NOT NULL COMMENT '用户名',
  `password` char(32) NOT NULL COMMENT '密码',
  `email` char(32) NOT NULL COMMENT '用户邮箱',
  `mobile` char(15) NOT NULL DEFAULT '' COMMENT '用户手机',
  `reg_time` int(10) unsigned NOT NULL DEFAULT '0' COMMENT '注册时间',
  `reg_ip` bigint(20) NOT NULL DEFAULT '0' COMMENT '注册IP',
  `last_login_time` int(10) unsigned NOT NULL DEFAULT '0' COMMENT '最后登录时间',
  `last_login_ip` bigint(20) NOT NULL DEFAULT '0' COMMENT '最后登录IP',
  `update_time` int(10) unsigned NOT NULL DEFAULT '0' COMMENT '更新时间',
  `status` tinyint(4) DEFAULT '0' COMMENT '用户状态',
  PRIMARY KEY (`id`),
  UNIQUE KEY `username` (`username`),
  UNIQUE KEY `email` (`email`),
  KEY `status` (`status`)
) ENGINE=MyISAM DEFAULT CHARSET=utf8 COMMENT='用户表';


-- -----------------------------
-- Table structure for `twothink_ucenter_setting`
-- -----------------------------
DROP TABLE IF EXISTS `twothink_ucenter_setting`;
CREATE TABLE `twothink_ucenter_setting` (
  `id` int(10) unsigned NOT NULL AUTO_INCREMENT COMMENT '设置ID',
  `type` tinyint(3) unsigned NOT NULL DEFAULT '0' COMMENT '配置类型（1-用户配置）',
  `value` text NOT NULL COMMENT '配置数据',
  PRIMARY KEY (`id`)
) ENGINE=MyISAM DEFAULT CHARSET=utf8 COMMENT='设置表';


-- -----------------------------
-- Table structure for `twothink_url`
-- -----------------------------
DROP TABLE IF EXISTS `twothink_url`;
CREATE TABLE `twothink_url` (
  `id` int(11) unsigned NOT NULL AUTO_INCREMENT COMMENT '链接唯一标识',
  `url` char(255) NOT NULL DEFAULT '' COMMENT '链接地址',
  `short` char(100) NOT NULL DEFAULT '' COMMENT '短网址',
  `status` tinyint(2) NOT NULL DEFAULT '2' COMMENT '状态',
  `create_time` int(10) unsigned NOT NULL DEFAULT '0' COMMENT '创建时间',
  PRIMARY KEY (`id`),
  UNIQUE KEY `idx_url` (`url`)
) ENGINE=MyISAM DEFAULT CHARSET=utf8 COMMENT='链接表';


-- -----------------------------
-- Table structure for `twothink_userdata`
-- -----------------------------
DROP TABLE IF EXISTS `twothink_userdata`;
CREATE TABLE `twothink_userdata` (
  `uid` int(10) unsigned NOT NULL COMMENT '用户id',
  `type` tinyint(3) unsigned NOT NULL COMMENT '类型标识',
  `target_id` int(10) unsigned NOT NULL COMMENT '目标id',
  UNIQUE KEY `uid` (`uid`,`type`,`target_id`)
) ENGINE=MyISAM DEFAULT CHARSET=utf8;

